186,simple,"",10217,10217
188,simple,"",91108,91108
191,simple,"",10514,10514
192,simple,"",10515,10515
1210,simple,"",10230,10230
1211,simple,"",10242,10242
1212,simple,"",10229,10229
1213,simple,"",10653,10653
1214,simple,"",10272,10272
1215,simple,"",10259,10259
1216,simple,"",10231,10231
1217,simple,"",10243,10243
1219,simple,"",60717,60717
1220,simple,"",10265,10265
1221,simple,"",10666,10666
1222,simple,"",10668,10668
1223,simple,"",10654,10654
1224,simple,"",10658,10658
1225,simple,"",10672,10672
1226,simple,"",10679,10679
1227,simple,"",10673,10673
1228,simple,"",10675,10675
1229,simple,"",10659,10659
1230,simple,"",10529,10529
1231,simple,"",10778,10778
1232,simple,"",10215,10215
1233,simple,"",10211,10211
1234,simple,"",10218,10218
1235,simple,"",10219,10219
1237,simple,"",10220,10220
1274,simple,"",92019,92019
1275,simple,"",M5093A,M5093A
1276,simple,"",10258,10258
1277,simple,"",10225,10225
1278,simple,"",10227,10227
1279,simple,"",10235,10235
1280,simple,"",10234,10234
1281,simple,"",10270,10270
1282,simple,"",10550,10550
1284,simple,"",10142,10142
1286,simple,"",10140,10140
1288,simple,"",G5A-11C,10148G
1289,simple,"",10224,10224
1290,simple,"",10223,10223
1291,simple,"",10246,10246
1292,simple,"",10257,10257
1294,simple,"",10595,10595
1296,simple,"",10372,10372
1297,simple,"",10601,10601
1298,simple,"",10602,10602
1299,simple,"",93019,93019
1301,simple,"",103747,103747
1302,simple,"",93093,93093
1303,simple,"",10256,10256
1338,simple,"",10228,10228
1339,simple,"",10222,10222
1340,simple,"",90204,90204
1341,simple,"",90205,90205
1342,simple,"",90206,90206
1343,simple,"",90207,90207
1344,simple,"",90208,90208
1345,simple,"",90209,90209
1346,simple,"",90131,90131
1347,simple,"",90214,90214
1348,simple,"",90215,90215
1349,simple,"",90147,90147
1350,simple,"",90223,90223
1352,simple,"",90253,90253
1359,simple,"",77801,77801
1360,simple,"",10522,10522
1362,simple,"",70202,70202
1363,simple,"",10521,10521
1364,simple,"",10526,10526
1365,simple,"",10502,10502
1366,simple,"",10755,10755
1367,simple,"",10513,10513
1403,simple,"",90990,90990
1404,simple,"",10504,10504
1405,simple,"",70222,70222
1408,simple,"",91116,91116
1409,simple,"",10787,10787
1410,simple,"",91104,91104
1411,simple,"",10655,10655
1412,simple,"",10788,10788
1413,simple,"",90192,90192
1414,simple,"",80617,80617
1415,simple,"",90170,90170
1416,simple,"",90170P,90170P
1417,simple,"",10263,10263
1418,simple,"",10212,10212
1419,simple,"",10531,10531
1420,simple,"",10530,10530
1421,simple,"",10244,10244
1422,simple,"",80618,80618
1423,simple,"",70117,70117
1424,simple,"",10573,10573
1425,simple,"",10508,10508
1426,simple,"",90193,90193
1427,simple,"",90285,90285
1428,simple,"",90282,90282
1467,simple,"",90210,90210
1468,simple,"",90211,90211
1469,simple,"",91966,91966
1470,simple,"",90295,90295
1471,simple,"",90710,90710
1472,simple,"",91939,91939
1473,simple,"",10213,10213
1474,simple,"",10216,10216
1475,simple,"",10251,10251
1476,simple,"",10253,10253
1477,simple,"",10254,10254
1479,simple,"",10367,10367
1480,simple,"",10363,10363
1481,simple,"",10382,10382
1482,simple,"",75001,75001
1483,simple,"",10503,10503
1484,simple,"",10505,10505
1485,simple,"",70233,70233
1524,simple,"",10512,10512
1525,simple,"",10519,10519
1526,simple,"",10520,10520
1527,simple,"",90236,90236
1528,simple,"",90161,90161
1529,simple,"",90234,90234
1530,simple,"",90235,90235
1531,simple,"",90126,90126
1532,simple,"",90248,90248
1533,simple,"",90246,90246
1534,simple,"",90245,90245
1535,simple,"",90233,90233
1536,simple,"",90232,90232
1537,simple,"",90288,90288
1538,simple,"",90230,90230
1539,simple,"",90231,90231
1540,simple,"",70135,70135
1541,simple,"",10362,10362
1543,simple,"",10566,10566
1544,simple,"",10567,10567
1546,simple,"",91109,91109
1548,simple,"",10558,10558
1549,simple,"",10255,10255
1550,simple,"",10678,10678
1586,simple,"",10615,10615
1587,simple,"",90128,90128
1589,simple,"",90289,90289
1591,simple,"",10557,10557
1592,simple,"",10663,10663
1593,simple,"",10677,10677
1594,simple,"",10750,10750
1595,simple,"",TQ.B.001,TQ.B.001
1596,simple,"",TQ.O.001,TQ.O.001
1597,simple,"",10260,10260
1601,simple,"",91111,91111
1602,simple,"",10333,10333
1603,simple,"",10313,10313
1604,simple,"",10318,10318
1605,simple,"",10320,10320
1606,simple,"",10535,10535
1607,simple,"",10534,10534
1608,simple,"",10665,10665
1609,simple,"",10365,10365
1611,simple,"",10580,10580
1612,simple,"",10373,10373
1613,simple,"",60213,60213
1627,simple,"",10252,10252
1628,simple,"",90224,90224
1629,simple,"",10221,10221
1631,simple,"",10245,10245
1632,simple,"",10267,10267
1633,simple,"",20015,20015
1634,simple,"",10430,10430
1635,simple,"",70118,70118
1636,simple,"",90200,90200
1686,simple,"",10526-IQF,10526-IQF
1687,simple,"",21305,21305
1689,simple,"",10578,10578
1690,simple,"",10667,10667
1691,simple,"",10662,10662
1692,simple,"",10321,10321
1694,simple,"",10562-English,10562-English
1695,simple,"",10501,10501
1696,simple,"",268000571,268000571
1697,simple,"",10517,10517
1698,simple,"",10509,10509
1699,simple,"",93020,93020
1700,simple,"",10239,10239
1701,simple,"",11176,11176
1702,simple,"",10273,10273
1703,simple,"",91930,91930
1704,simple,"",90195,90195
1705,simple,"",90286,90286
1711,simple,"",10237,10237
1712,simple,"",10779,10779
1748,simple,"",10752,10752
1749,simple,"",10264,10264
1750,simple,"",90284,90284
1751,simple,"",91984,91984
1752,simple,"",10240,10240
1755,simple,"",90172,90172
1756,simple,"",90241,90241
1757,simple,"",93051,93051
1758,simple,"",93052,93052
1759,simple,"",93050,93050
1760,simple,"",90238,90238
1761,simple,"",90278,90278
1762,simple,"",10676,10676
1763,simple,"",60112,60112
1766,simple,"",10533,10533
1767,simple,"",10477,10477
1768,simple,"",10769,10769
1769,simple,"",10277,10277
1819,simple,"",90254,90254
1820,simple,"",TQ.Z.001,TQ.Z.001
1821,simple,"",60122,60122
1823,simple,"",10261,10261
1824,simple,"",93055,93055
1825,simple,"",90163,90163
1827,simple,"",10269,10269
1828,simple,"",11175,11175
1829,simple,"",90909,90909
1830,simple,"",10378,10378
1831,simple,"",80115,80115
1833,simple,"",80113,80113
1834,simple,"",80616,80616
1836,simple,"",60710,60710
1837,simple,"",93065,93065
1838,simple,"",70160-GR,70160-GR
1839,simple,"",70160,70160
1882,simple,"",35349,35349
1883,simple,"",93068,93068
1884,simple,"",92018,92018
1886,simple,"",90926,90926
1889,simple,"",90229,90229
1890,simple,"",60222,60222
1891,simple,"",60223,60223
1893,simple,"",102405,102405
1894,simple,"",11185,11185
1960,simple,"",10556,10556
1961,simple,"",90257,90257
1962,simple,"",70231,70231
1963,simple,"",10782,10782
1964,simple,"",SI0997,SI0997
1965,simple,"",80134,80134
1971,simple,"",10368,10368
1990,simple,"",10790,10790
1992,simple,"",92067,92067
1995,simple,"",10369,10369
1996,simple,"",10866,10866
1997,simple,"",10861,10861
1999,simple,"",92032,92032
2000,simple,"",20345,20345
2001,simple,"",10275,10275
2002,simple,"",10189FR,10189FR
2003,simple,"",10865,10865
2004,simple,"",21304,21304
2010,simple,"",70112,70112
2016,simple,"",90242,90242
2018,simple,"",90264,90264
2044,simple,"",10596,10596
2045,simple,"",10591,10591
2046,simple,"",70182,70182
2047,simple,"",10315,10315
2048,simple,"",10317,10317
2049,simple,"",90923,90923
2050,simple,"",92042,92042
2051,simple,"",11182,11182
2052,simple,"",11183,11183
2053,simple,"",10158,10158
2054,simple,"",10157-EN,10157-EN
2065,simple,"",93090,93090
2066,simple,"",93091,93091
2102,simple,"",10299,10299
2103,simple,"",21301,21301
2104,simple,"",10437,10437
2289,simple,"",60251,60251
2291,simple,"",60250,60250
2293,simple,"",60249,60249
2297,simple,"",602505,602505
2299,simple,"",60253,60253
2301,simple,"",60255,60255
2303,simple,"",95.3000,95.3000
3071,simple,"",60212,60212
3073,simple,"",60.123,60123
3076,simple,"",60111,60111
3077,simple,"",60121,60121
3082,simple,"",60611,60611
3093,simple,"",30111,30111
3096,simple,"",30112,30112
3098,simple,"",30113,30113
3100,simple,"",30114,30114
3112,simple,"",50023,50023
3114,simple,"",50022,50022
3495,simple,"",90920,90920
3551,simple,"",70113,70113
3592,simple,"",60707,60707
3593,simple,"",60708,60708
3672,simple,"",PP-VALB-50,PP-VALB-50
3673,simple,"",PP-VAPLB-50,PP-VAPLB-50
3701,simple,"",RPP-ACASE2-1,RPP-ACASE2-1
6247,simple,"",60411,60411
6406,simple,"",PP-INSTRKIT-1-MSDS-02,PP-INSTRKIT-1-MSDS-02
6407,simple,"",PP-ISHIRT-4,PP-ISHIRT-4
6408,simple,"",PP-KPAD-24,PP-KPAD-24
1600,variable,"",10144-UK-wpbase,10144-UK
1822,variable,"",11145-EN-wpbase,11145-EN
1908,variable,"",10699-wpbase,10699
1950,variable,"",11999-wpbase,11999
1959,variable,"",11100-wpbase,11100
1969,variable,"",11186EN-wpbase,11186EN
1993,variable,"",11187EN-wpbase,11187EN
2829,variable,"",21018-UK-wpbase,21018-UK
2940,variable,"",52120-wpbase,52120
2952,variable,"",52119-wpbase,52119
2971,variable,"",11113-wpbase,11113
2976,variable,"",11123-wpbase,11123
2981,variable,"",11133-wpbase,11133
3677,variable,"",PP-UFS-50-wpbase,PP-UFS-50
3678,variable,"",PP-APFS-50-wpbase,PP-APFS-50
3683,variable,"",PP-AEDT2-100-R-wpbase,PP-AEDT2-100-R
3685,variable,"",PP-UTPAD-1-wpbase,PP-UTPAD-1
3762,variable,"",PP-AEDT2-101-wpbase,PP-AEDT2-101
3874,variable,"",PP-AEDUT-101-wpbase,PP-AEDUT-101
3949,variable,"",PP-AM-400M-MS-wpbase,PP-AM-400M-MS
3957,variable,"",PP-AM-2000-1-MS-wpbase,PP-AM-2000-1-MS
3963,variable,"",PP-AMP-100M-MS-wpbase,PP-AMP-100M-MS
3992,variable,"",PP-CM-100M-MS-wpbase,PP-CM-100M-MS
3999,variable,"",PP-CM-2000-1-MS-wpbase,PP-CM-2000-1-MS
4005,variable,"",PP-IM-100M-MS-wpbase,PP-IM-100M-MS
4012,variable,"",PP-IM-2000-1-MS-wpbase,PP-IM-2000-1-MS
4018,variable,"",PP-JTM-100M-MS-wpbase,PP-JTM-100M-MS
4027,variable,"",PP-ULM-100M-MS-wpbase,PP-ULM-100M-MS
4049,variable,"",PP-IULM-100M-MS-wpbase,PP-IULM-100M-MS
4064,variable,"",PP-FM-300M-MS-wpbase,PP-FM-300M-MS
5159,variable,"",21013-UK-wpbase,21013-UK
5185,variable,"",21014-UK-wpbase,21014-UK
5641,variable,"",064.1309-SAM-UK-wpbase,064.1309-SAM-UK
5658,variable,"",064.1338-SAM-DE-wpbase,064.1338-SAM-DE
6349,variable,"",21019-UK-wpbase,21019-UK
2855,variation,1908,10699,10699
2856,variation,1908,10773,10773
2857,variation,1908,10698,10698
2858,variation,1908,10694,10694
2860,variation,1908,10669,10669
2862,variation,1908,10695,10695
2863,variation,1908,10697,10697
2864,variation,1908,10692,10692
2865,variation,1908,10693,10693
2866,variation,1908,10700,10700
2907,variation,1959,11683,11683
3006,variation,2829,21011-DE,21011-DE
3671,variation,3678,PP-APLB-50,PP-APLB-50
3684,variation,3683,PP-AEDT2-400-R,PP-AEDT2-400-R
3745,variation,3762,RPP-AEDT2-CABLE,RPP-AEDT2-CABLE
3746,variation,3874,RPP-AEDUT-CABLE,RPP-AEDUT-CABLE
3747,variation,3874,RPP-AEDUT-TRAY,RPP-AEDUT-TRAY
3763,variation,3762,PP-AEDT2-101,PP-AEDT2-101
3764,variation,3762,PP-AEDT2-102,PP-AEDT2-102
3765,variation,3762,PP-AEDT2-103,PP-AEDT2-103
3766,variation,3762,PP-AEDT2-104,PP-AEDT2-104
3767,variation,3762,PP-AEDT2-106,PP-AEDT2-106
3768,variation,3762,PP-AEDT2-107,PP-AEDT2-107
3769,variation,3762,PP-AEDT2-108,PP-AEDT2-108
3770,variation,3762,PP-AEDT2-110,PP-AEDT2-110
3771,variation,3762,PP-AEDT2-111,PP-AEDT2-111
3772,variation,3762,PP-AEDT2-112,PP-AEDT2-112
3773,variation,3762,PP-AEDT2-114,PP-AEDT2-114
3774,variation,3762,PP-AEDT2-115,PP-AEDT2-115
3775,variation,3762,PP-AEDT2-116,PP-AEDT2-116
3776,variation,3762,PP-AEDT2-118,PP-AEDT2-118
3777,variation,3762,PP-AEDT2-120,PP-AEDT2-120
3778,variation,3762,PP-AEDT2-121,PP-AEDT2-121
3779,variation,3762,PP-AEDT2-130,PP-AEDT2-130
3781,variation,3762,PP-AEDT2-133,PP-AEDT2-133
3782,variation,3762,PP-AEDT2-135,PP-AEDT2-135
3783,variation,3762,PP-AEDT2-136,PP-AEDT2-136
3784,variation,3762,PP-AEDT2-137,PP-AEDT2-137
3785,variation,3762,PP-AEDT2-138,PP-AEDT2-138
3787,variation,3762,PP-AEDT2-401,PP-AEDT2-401
3788,variation,3762,PP-AEDT2-402,PP-AEDT2-402
3789,variation,3762,PP-AEDT2-403,PP-AEDT2-403
3790,variation,3762,PP-AEDT2-404,PP-AEDT2-404
3791,variation,3762,PP-AEDT2-406,PP-AEDT2-406
3792,variation,3762,PP-AEDT2-407,PP-AEDT2-407
3793,variation,3762,PP-AEDT2-408,PP-AEDT2-408
3794,variation,3762,PP-AEDT2-410,PP-AEDT2-410
3795,variation,3762,PP-AEDT2-411,PP-AEDT2-411
3796,variation,3762,PP-AEDT2-412,PP-AEDT2-412
3797,variation,3762,PP-AEDT2-414,PP-AEDT2-414
3798,variation,3762,PP-AEDT2-415,PP-AEDT2-415
3799,variation,3762,PP-AEDT2-416,PP-AEDT2-416
3800,variation,3762,PP-AEDT2-418,PP-AEDT2-418
3801,variation,3762,PP-AEDT2-420,PP-AEDT2-420
3802,variation,3762,PP-AEDT2-421,PP-AEDT2-421
3803,variation,3762,PP-AEDT2-430,PP-AEDT2-430
3805,variation,3762,PP-AEDT2-433,PP-AEDT2-433
3806,variation,3762,PP-AEDT2-435,PP-AEDT2-435
3807,variation,3762,PP-AEDT2-436,PP-AEDT2-436
3808,variation,3762,PP-AEDT2-437,PP-AEDT2-437
3809,variation,3762,PP-AEDT2-438,PP-AEDT2-438
3811,variation,3762,PP-AEDT2-KIT-101,PP-AEDT2-KIT-101
3812,variation,3762,PP-AEDT2-KIT-102,PP-AEDT2-KIT-102
3813,variation,3762,PP-AEDT2-KIT-103,PP-AEDT2-KIT-103
3814,variation,3762,PP-AEDT2-KIT-104,PP-AEDT2-KIT-104
3815,variation,3762,PP-AEDT2-KIT-106,PP-AEDT2-KIT-106
3816,variation,3762,PP-AEDT2-KIT-107,PP-AEDT2-KIT-107
3817,variation,3762,PP-AEDT2-KIT-108,PP-AEDT2-KIT-108
3818,variation,3762,PP-AEDT2-KIT-110,PP-AEDT2-KIT-110
3819,variation,3762,PP-AEDT2-KIT-111,PP-AEDT2-KIT-111
3820,variation,3762,PP-AEDT2-KIT-112,PP-AEDT2-KIT-112
3821,variation,3762,PP-AEDT2-KIT-114,PP-AEDT2-KIT-114
3822,variation,3762,PP-AEDT2-KIT-115,PP-AEDT2-KIT-115
3823,variation,3762,PP-AEDT2-KIT-116,PP-AEDT2-KIT-116
3824,variation,3762,PP-AEDT2-KIT-118,PP-AEDT2-KIT-118
3825,variation,3762,PP-AEDT2-KIT-120,PP-AEDT2-KIT-120
3875,variation,3874,PP-AEDUT-101,PP-AEDUT-101
3876,variation,3874,PP-AEDUT-102,PP-AEDUT-102
3877,variation,3874,PP-AEDUT-103,PP-AEDUT-103
3878,variation,3874,PP-AEDUT-104,PP-AEDUT-104
3879,variation,3874,PP-AEDUT-106,PP-AEDUT-106
3880,variation,3874,PP-AEDUT-107,PP-AEDUT-107
3881,variation,3874,PP-AEDUT-108,PP-AEDUT-108
3882,variation,3874,PP-AEDUT-110,PP-AEDUT-110
3883,variation,3874,PP-AEDUT-111,PP-AEDUT-111
3884,variation,3874,PP-AEDUT-112,PP-AEDUT-112
3885,variation,3874,PP-AEDUT-114,PP-AEDUT-114
3886,variation,3874,PP-AEDUT-115,PP-AEDUT-115
3887,variation,3874,PP-AEDUT-116,PP-AEDUT-116
3888,variation,3874,PP-AEDUT-118,PP-AEDUT-118
3889,variation,3874,PP-AEDUT-120,PP-AEDUT-120
3890,variation,3874,PP-AEDUT-121,PP-AEDUT-121
3891,variation,3874,PP-AEDUT-130,PP-AEDUT-130
3893,variation,3874,PP-AEDUT-133,PP-AEDUT-133
3894,variation,3874,PP-AEDUT-135,PP-AEDUT-135
3895,variation,3874,PP-AEDUT-136,PP-AEDUT-136
3896,variation,3874,PP-AEDUT-137,PP-AEDUT-137
3897,variation,3874,PP-AEDUT-138,PP-AEDUT-138
3899,variation,3874,PP-AEDUT-401,PP-AEDUT-401
3900,variation,3874,PP-AEDUT-402,PP-AEDUT-402
3901,variation,3874,PP-AEDUT-403,PP-AEDUT-403
3902,variation,3874,PP-AEDUT-404,PP-AEDUT-404
3903,variation,3874,PP-AEDUT-406,PP-AEDUT-406
3904,variation,3874,PP-AEDUT-407,PP-AEDUT-407
3905,variation,3874,PP-AEDUT-408,PP-AEDUT-408
3906,variation,3874,PP-AEDUT-410,PP-AEDUT-410
3907,variation,3874,PP-AEDUT-411,PP-AEDUT-411
3908,variation,3874,PP-AEDUT-412,PP-AEDUT-412
3909,variation,3874,PP-AEDUT-414,PP-AEDUT-414
3910,variation,3874,PP-AEDUT-415,PP-AEDUT-415
3911,variation,3874,PP-AEDUT-416,PP-AEDUT-416
3912,variation,3874,PP-AEDUT-418,PP-AEDUT-418
3913,variation,3874,PP-AEDUT-420,PP-AEDUT-420
3914,variation,3874,PP-AEDUT-421,PP-AEDUT-421
3915,variation,3874,PP-AEDUT-430,PP-AEDUT-430
3917,variation,3874,PP-AEDUT-433,PP-AEDUT-433
3918,variation,3874,PP-AEDUT-435,PP-AEDUT-435
3919,variation,3874,PP-AEDUT-436,PP-AEDUT-436
3920,variation,3874,PP-AEDUT-437,PP-AEDUT-437
3921,variation,3874,PP-AEDUT-438,PP-AEDUT-438
3947,variation,3949,PP-AM-100M-MS,PP-AM-100M-MS
3948,variation,3949,PP-AM-100M-DS,PP-AM-100M-DS
3950,variation,3949,PP-AM-400M-MS,PP-AM-400M-MS
3951,variation,3949,PP-AM-400M-DS,PP-AM-400M-DS
3952,variation,3949,PP-AM-400M-MSDS,PP-AM-400M-MSDS
3958,variation,3957,PP-AM-2000-1-MS,PP-AM-2000-1-MS
3959,variation,3957,PP-AM-2000-1-DS,PP-AM-2000-1-DS
3961,variation,3957,PP-AM-2000-4-MS,PP-AM-2000-4-MS
3962,variation,3957,PP-AM-2000-4-DS,PP-AM-2000-4-DS
3964,variation,3963,PP-AMP-100M-MS,PP-AMP-100M-MS
3965,variation,3963,PP-AMP-100M-DS,PP-AMP-100M-DS
3977,variation,3949,PP-AFM-100M-MS,PP-AFM-100M-MS
3978,variation,3949,PP-AFM-100M-DS,PP-AFM-100M-DS
3980,variation,3949,PP-AFM-400M-MS,PP-AFM-400M-MS
3981,variation,3949,PP-AFM-400M-DS,PP-AFM-400M-DS
3982,variation,3949,PP-AFM-400M-MSDS,PP-AFM-400M-MSDS
3984,variation,3957,PP-AFM-2000-1-MS,PP-AFM-2000-1-MS
3985,variation,3957,PP-AFM-2000-1-DS,PP-AFM-2000-1-DS
3987,variation,3957,PP-AFM-2000-4-MS,PP-AFM-2000-4-MS
3993,variation,3992,PP-CM-100M-MS,PP-CM-100M-MS
3994,variation,3992,PP-CM-100M-DS,PP-CM-100M-DS
3996,variation,3992,PP-CM-400M-MS,PP-CM-400M-MS
3997,variation,3992,PP-CM-400M-DS,PP-CM-400M-DS
4000,variation,3999,PP-CM-2000-1-MS,PP-CM-2000-1-MS
4001,variation,3999,PP-CM-2000-1-DS,PP-CM-2000-1-DS
4003,variation,3999,PP-CM-2000-4-MS,PP-CM-2000-4-MS
4006,variation,4005,PP-IM-100M-MS,PP-IM-100M-MS
4007,variation,4005,PP-IM-100M-DS,PP-IM-100M-DS
4009,variation,4005,PP-IM-400M-MS,PP-IM-400M-MS
4010,variation,4005,PP-IM-400M-DS,PP-IM-400M-DS
4013,variation,4012,PP-IM-2000-1-MS,PP-IM-2000-1-MS
4014,variation,4012,PP-IM-2000-1-DS,PP-IM-2000-1-DS
4016,variation,4012,PP-IM-2000-4-MS,PP-IM-2000-4-MS
4019,variation,4018,PP-JTM-100M-MS,PP-JTM-100M-MS
4028,variation,4027,PP-ULM-100M-MS,PP-ULM-100M-MS
4029,variation,4027,PP-ULM-100M-DS,PP-ULM-100M-DS
4034,variation,4027,PP-ULM-400M-MS,PP-ULM-400M-MS
4042,variation,4027,PP-ULM-1200M-MS,PP-ULM-1200M-MS
4043,variation,4027,PP-ULM-1200M-DS,PP-ULM-1200M-DS
4050,variation,4049,PP-IULM-100M-MS,PP-IULM-100M-MS
4065,variation,4064,PP-FM-300M-MS,PP-FM-300M-MS
4066,variation,4064,PP-FM-300M-DS,PP-FM-300M-DS
4068,variation,4064,PP-FM-500M-MS,PP-FM-500M-MS
4069,variation,4064,PP-FM-500M-DS,PP-FM-500M-DS
4250,variation,1969,11186EN,11186EN
4251,variation,1969,11186EN-60110,11186EN-60110
4252,variation,1969,11186EN-60112,11186EN-60112
4253,variation,1969,11186EN-60122,11186EN-60122
4254,variation,1969,11186EN-60212,11186EN-60212
4255,variation,1969,11186EN-60213,11186EN-60213
4256,variation,1969,11186EN-60222,11186EN-60222
4257,variation,1969,11186EN-60223,11186EN-60223
4258,variation,1969,11186,11186
4259,variation,1969,11186-60110,11186-60110
4260,variation,1969,11186-60112,11186-60112
4261,variation,1969,11186-60122,11186-60122
4262,variation,1969,11186-60212,11186-60212
4263,variation,1969,11186-60213,11186-60213
4264,variation,1969,11186-60222,11186-60222
4265,variation,1969,11186-60223,11186-60223
4266,variation,1969,11186-CZ,11186-CZ
4267,variation,1969,11186-CZ-60110,11186-CZ-60110
4268,variation,1969,11186-CZ-60112,11186-CZ-60112
4269,variation,1969,11186-CZ-60122,11186-CZ-60122
4270,variation,1969,11186-CZ-60212,11186-CZ-60212
4271,variation,1969,11186-CZ-60213,11186-CZ-60213
4272,variation,1969,11186-CZ-60222,11186-CZ-60222
4273,variation,1969,11186-CZ-60223,11186-CZ-60223
4274,variation,1969,11656,11656
4275,variation,1969,11656-60110,11656-60110
4276,variation,1969,11656-60112,11656-60112
4277,variation,1969,11656-60122,11656-60122
4278,variation,1969,11656-60212,11656-60212
4279,variation,1969,11656-60213,11656-60213
4280,variation,1969,11656-60222,11656-60222
4281,variation,1969,11656-60223,11656-60223
4282,variation,1969,11688,11688
4283,variation,1969,11688-60110,11688-60110
4284,variation,1969,11688-60112,11688-60112
4285,variation,1969,11688-60122,11688-60122
4286,variation,1969,11688-60212,11688-60212
4287,variation,1969,11688-60213,11688-60213
4288,variation,1969,11688-60222,11688-60222
4289,variation,1969,11688-60223,11688-60223
4290,variation,1950,11999,11999
4291,variation,1950,11999-60110,11999-60110
4292,variation,1950,11999-60112,11999-60112
4293,variation,1950,11999-60122,11999-60122
4294,variation,1950,11999-60212,11999-60212
4295,variation,1950,11999-60213,11999-60213
4296,variation,1950,11999-60222,11999-60222
4297,variation,1950,11999-60223,11999-60223
4298,variation,1950,11173,11173
4299,variation,1950,11173-60110,11173-60110
4300,variation,1950,11173-60112,11173-60112
4301,variation,1950,11173-60122,11173-60122
4302,variation,1950,11173-60212,11173-60212
4303,variation,1950,11173-60213,11173-60213
4304,variation,1950,11173-60222,11173-60222
4305,variation,1950,11173-60223,11173-60223
4306,variation,1950,11652,11652
4307,variation,1950,11652-60110,11652-60110
4308,variation,1950,11652-60112,11652-60112
4309,variation,1950,11652-60122,11652-60122
4310,variation,1950,11652-60212,11652-60212
4311,variation,1950,11652-60213,11652-60213
4312,variation,1950,11652-60222,11652-60222
4313,variation,1950,11652-60223,11652-60223
4314,variation,1950,11651,11651
4315,variation,1950,11651-60110,11651-60110
4316,variation,1950,11651-60112,11651-60112
4317,variation,1950,11651-60122,11651-60122
4318,variation,1950,11651-60212,11651-60212
4319,variation,1950,11651-60213,11651-60213
4320,variation,1950,11651-60222,11651-60222
4321,variation,1950,11651-60223,11651-60223
4322,variation,1950,11989,11989
4323,variation,1950,11989-60110,11989-60110
4324,variation,1950,11989-60112,11989-60112
4325,variation,1950,11989-60122,11989-60122
4326,variation,1950,11989-60212,11989-60212
4327,variation,1950,11989-60213,11989-60213
4328,variation,1950,11989-60222,11989-60222
4329,variation,1950,11989-60223,11989-60223
4330,variation,1950,11990,11990
4331,variation,1950,11990-60110,11990-60110
4332,variation,1950,11990-60112,11990-60112
4333,variation,1950,11990-60122,11990-60122
4334,variation,1950,11990-60212,11990-60212
4335,variation,1950,11990-60213,11990-60213
4336,variation,1950,11990-60222,11990-60222
4337,variation,1950,11990-60223,11990-60223
4338,variation,1950,11991,11991
4339,variation,1950,11991-60110,11991-60110
4340,variation,1950,11991-60112,11991-60112
4341,variation,1950,11991-60122,11991-60122
4342,variation,1950,11991-60212,11991-60212
4343,variation,1950,11991-60213,11991-60213
4344,variation,1950,11991-60222,11991-60222
4345,variation,1950,11991-60223,11991-60223
4346,variation,1950,11992,11992
4347,variation,1950,11992-60110,11992-60110
4348,variation,1950,11992-60112,11992-60112
4349,variation,1950,11992-60122,11992-60122
4350,variation,1950,11992-60212,11992-60212
4351,variation,1950,11992-60213,11992-60213
4352,variation,1950,11992-60222,11992-60222
4353,variation,1950,11992-60223,11992-60223
4354,variation,1950,11993,11993
4355,variation,1950,11993-60110,11993-60110
4356,variation,1950,11993-60112,11993-60112
4357,variation,1950,11993-60122,11993-60122
4358,variation,1950,11993-60212,11993-60212
4359,variation,1950,11993-60213,11993-60213
4360,variation,1950,11993-60222,11993-60222
4361,variation,1950,11993-60223,11993-60223
4362,variation,1950,11994,11994
4363,variation,1950,11994-60110,11994-60110
4364,variation,1950,11994-60112,11994-60112
4365,variation,1950,11994-60122,11994-60122
4366,variation,1950,11994-60212,11994-60212
4367,variation,1950,11994-60213,11994-60213
4368,variation,1950,11994-60222,11994-60222
4369,variation,1950,11994-60223,11994-60223
4370,variation,1950,11995,11995
4371,variation,1950,11995-60110,11995-60110
4372,variation,1950,11995-60112,11995-60112
4373,variation,1950,11995-60122,11995-60122
4374,variation,1950,11995-60212,11995-60212
4375,variation,1950,11995-60213,11995-60213
4376,variation,1950,11995-60222,11995-60222
4377,variation,1950,11995-60223,11995-60223
4378,variation,1950,11997,11997
4379,variation,1950,11997-60110,11997-60110
4380,variation,1950,11997-60112,11997-60112
4381,variation,1950,11997-60122,11997-60122
4382,variation,1950,11997-60212,11997-60212
4383,variation,1950,11997-60213,11997-60213
4384,variation,1950,11997-60222,11997-60222
4385,variation,1950,11997-60223,11997-60223
4386,variation,1950,11998,11998
4387,variation,1950,11998-60110,11998-60110
4388,variation,1950,11998-60112,11998-60112
4389,variation,1950,11998-60122,11998-60122
4390,variation,1950,11998-60212,11998-60212
4391,variation,1950,11998-60213,11998-60213
4392,variation,1950,11998-60222,11998-60222
4393,variation,1950,11998-60223,11998-60223
4394,variation,1950,11988,11988
4395,variation,1950,11988-60110,11988-60110
4396,variation,1950,11988-60112,11988-60112
4397,variation,1950,11988-60122,11988-60122
4398,variation,1950,11988-60212,11988-60212
4399,variation,1950,11988-60213,11988-60213
4400,variation,1950,11988-60222,11988-60222
4401,variation,1950,11988-60223,11988-60223
4402,variation,1959,11100,11100
4403,variation,1959,11100-60110,11100-60110
4404,variation,1959,11100-60112,11100-60112
4405,variation,1959,11100-60122,11100-60122
4406,variation,1959,11100-60212,11100-60212
4407,variation,1959,11100-60213,11100-60213
4408,variation,1959,11100-60222,11100-60222
4409,variation,1959,11100-60223,11100-60223
4410,variation,1959,11174,11174
4411,variation,1959,11174-60110,11174-60110
4412,variation,1959,11174-60112,11174-60112
4413,variation,1959,11174-60122,11174-60122
4414,variation,1959,11174-60212,11174-60212
4415,variation,1959,11174-60213,11174-60213
4416,variation,1959,11174-60222,11174-60222
4417,variation,1959,11174-60223,11174-60223
4418,variation,1959,11683-60110,11683-60110
4419,variation,1959,11683-60112,11683-60112
4420,variation,1959,11683-60122,11683-60122
4421,variation,1959,11683-60212,11683-60212
4422,variation,1959,11683-60213,11683-60213
4423,variation,1959,11683-60222,11683-60222
4424,variation,1959,11683-60223,11683-60223
4470,variation,2940,52120,52120
4471,variation,2940,52120-60110,52120-60110
4472,variation,2940,52120-60112,52120-60112
4473,variation,2940,52120-60122,52120-60122
4474,variation,2940,52120-60212,52120-60212
4475,variation,2940,52120-60213,52120-60213
4476,variation,2940,52120-60222,52120-60222
4477,variation,2940,52120-60223,52120-60223
4478,variation,2940,52112,52112
4479,variation,2940,52112-60110,52112-60110
4480,variation,2940,52112-60112,52112-60112
4481,variation,2940,52112-60122,52112-60122
4482,variation,2940,52112-60212,52112-60212
4483,variation,2940,52112-60213,52112-60213
4484,variation,2940,52112-60222,52112-60222
4485,variation,2940,52112-60223,52112-60223
4486,variation,2940,52122,52122
4487,variation,2940,52122-60110,52122-60110
4488,variation,2940,52122-60112,52122-60112
4489,variation,2940,52122-60122,52122-60122
4490,variation,2940,52122-60212,52122-60212
4491,variation,2940,52122-60213,52122-60213
4492,variation,2940,52122-60222,52122-60222
4493,variation,2940,52122-60223,52122-60223
4494,variation,2940,52124,52124
4495,variation,2940,52124-60110,52124-60110
4496,variation,2940,52124-60112,52124-60112
4497,variation,2940,52124-60122,52124-60122
4498,variation,2940,52124-60212,52124-60212
4499,variation,2940,52124-60213,52124-60213
4500,variation,2940,52124-60222,52124-60222
4501,variation,2940,52124-60223,52124-60223
4502,variation,2940,52115,52115
4503,variation,2940,52115-60110,52115-60110
4504,variation,2940,52115-60112,52115-60112
4505,variation,2940,52115-60122,52115-60122
4506,variation,2940,52115-60212,52115-60212
4507,variation,2940,52115-60213,52115-60213
4508,variation,2940,52115-60222,52115-60222
4509,variation,2940,52115-60223,52115-60223
4510,variation,2940,52117,52117
4511,variation,2940,52117-60110,52117-60110
4512,variation,2940,52117-60112,52117-60112
4513,variation,2940,52117-60122,52117-60122
4514,variation,2940,52117-60212,52117-60212
4515,variation,2940,52117-60213,52117-60213
4516,variation,2940,52117-60222,52117-60222
4517,variation,2940,52117-60223,52117-60223
4518,variation,2940,52118,52118
4519,variation,2940,52118-60110,52118-60110
4520,variation,2940,52118-60112,52118-60112
4521,variation,2940,52118-60122,52118-60122
4522,variation,2940,52118-60212,52118-60212
4523,variation,2940,52118-60213,52118-60213
4524,variation,2940,52118-60222,52118-60222
4525,variation,2940,52118-60223,52118-60223
4526,variation,2940,52116,52116
4527,variation,2940,52116-60110,52116-60110
4528,variation,2940,52116-60112,52116-60112
4529,variation,2940,52116-60122,52116-60122
4530,variation,2940,52116-60212,52116-60212
4531,variation,2940,52116-60213,52116-60213
4532,variation,2940,52116-60222,52116-60222
4533,variation,2940,52116-60223,52116-60223
4534,variation,2940,52102,52102
4535,variation,2940,52102-60110,52102-60110
4536,variation,2940,52102-60112,52102-60112
4537,variation,2940,52102-60122,52102-60122
4538,variation,2940,52102-60212,52102-60212
4539,variation,2940,52102-60213,52102-60213
4540,variation,2940,52102-60222,52102-60222
4541,variation,2940,52102-60223,52102-60223
4542,variation,2940,52113,52113
4543,variation,2940,52113-60110,52113-60110
4544,variation,2940,52113-60112,52113-60112
4545,variation,2940,52113-60122,52113-60122
4546,variation,2940,52113-60212,52113-60212
4547,variation,2940,52113-60213,52113-60213
4548,variation,2940,52113-60222,52113-60222
4549,variation,2940,52113-60223,52113-60223
4550,variation,2940,52114,52114
4551,variation,2940,52114-60110,52114-60110
4552,variation,2940,52114-60112,52114-60112
4553,variation,2940,52114-60122,52114-60122
4554,variation,2940,52114-60212,52114-60212
4555,variation,2940,52114-60213,52114-60213
4556,variation,2940,52114-60222,52114-60222
4557,variation,2940,52114-60223,52114-60223
4558,variation,2940,52101,52101
4559,variation,2940,52101-60110,52101-60110
4560,variation,2940,52101-60112,52101-60112
4561,variation,2940,52101-60122,52101-60122
4562,variation,2940,52101-60212,52101-60212
4563,variation,2940,52101-60213,52101-60213
4564,variation,2940,52101-60222,52101-60222
4565,variation,2940,52101-60223,52101-60223
4566,variation,2940,52103,52103
4567,variation,2940,52103-60110,52103-60110
4568,variation,2940,52103-60112,52103-60112
4569,variation,2940,52103-60122,52103-60122
4570,variation,2940,52103-60212,52103-60212
4571,variation,2940,52103-60213,52103-60213
4572,variation,2940,52103-60222,52103-60222
4573,variation,2940,52103-60223,52103-60223
4574,variation,2940,52106,52106
4575,variation,2940,52106-60110,52106-60110
4576,variation,2940,52106-60112,52106-60112
4577,variation,2940,52106-60122,52106-60122
4578,variation,2940,52106-60212,52106-60212
4579,variation,2940,52106-60213,52106-60213
4580,variation,2940,52106-60222,52106-60222
4581,variation,2940,52106-60223,52106-60223
4582,variation,2940,52135,52135
4583,variation,2940,52135-60110,52135-60110
4584,variation,2940,52135-60112,52135-60112
4585,variation,2940,52135-60122,52135-60122
4586,variation,2940,52135-60212,52135-60212
4587,variation,2940,52135-60213,52135-60213
4588,variation,2940,52135-60222,52135-60222
4589,variation,2940,52135-60223,52135-60223
4590,variation,2940,52131,52131
4591,variation,2940,52131-60110,52131-60110
4592,variation,2940,52131-60112,52131-60112
4593,variation,2940,52131-60122,52131-60122
4594,variation,2940,52131-60212,52131-60212
4595,variation,2940,52131-60213,52131-60213
4596,variation,2940,52131-60222,52131-60222
4597,variation,2940,52131-60223,52131-60223
4598,variation,2952,52119,52119
4599,variation,2952,52119-60110,52119-60110
4600,variation,2952,52119-60112,52119-60112
4601,variation,2952,52119-60122,52119-60122
4602,variation,2952,52119-60212,52119-60212
4603,variation,2952,52119-60213,52119-60213
4604,variation,2952,52119-60222,52119-60222
4605,variation,2952,52119-60223,52119-60223
4606,variation,2952,52111,52111
4607,variation,2952,52111-60110,52111-60110
4608,variation,2952,52111-60112,52111-60112
4609,variation,2952,52111-60122,52111-60122
4610,variation,2952,52111-60212,52111-60212
4611,variation,2952,52111-60213,52111-60213
4612,variation,2952,52111-60222,52111-60222
4613,variation,2952,52111-60223,52111-60223
4614,variation,2952,52121,52121
4615,variation,2952,52121-60110,52121-60110
4616,variation,2952,52121-60112,52121-60112
4617,variation,2952,52121-60122,52121-60122
4618,variation,2952,52121-60212,52121-60212
4619,variation,2952,52121-60213,52121-60213
4620,variation,2952,52121-60222,52121-60222
4621,variation,2952,52121-60223,52121-60223
4622,variation,2952,52123,52123
4623,variation,2952,52123-60110,52123-60110
4624,variation,2952,52123-60112,52123-60112
4625,variation,2952,52123-60122,52123-60122
4626,variation,2952,52123-60212,52123-60212
4627,variation,2952,52123-60213,52123-60213
4628,variation,2952,52123-60222,52123-60222
4629,variation,2952,52123-60223,52123-60223
4630,variation,2952,52105,52105
4631,variation,2952,52105-60110,52105-60110
4632,variation,2952,52105-60112,52105-60112
4633,variation,2952,52105-60122,52105-60122
4634,variation,2952,52105-60212,52105-60212
4635,variation,2952,52105-60213,52105-60213
4636,variation,2952,52105-60222,52105-60222
4637,variation,2952,52105-60223,52105-60223
4638,variation,2952,52126,52126
4639,variation,2952,52126-60110,52126-60110
4640,variation,2952,52126-60112,52126-60112
4641,variation,2952,52126-60122,52126-60122
4642,variation,2952,52126-60212,52126-60212
4643,variation,2952,52126-60213,52126-60213
4644,variation,2952,52126-60222,52126-60222
4645,variation,2952,52126-60223,52126-60223
4646,variation,2952,52130,52130
4647,variation,2952,52130-60110,52130-60110
4648,variation,2952,52130-60112,52130-60112
4649,variation,2952,52130-60122,52130-60122
4650,variation,2952,52130-60212,52130-60212
4651,variation,2952,52130-60213,52130-60213
4652,variation,2952,52130-60222,52130-60222
4653,variation,2952,52130-60223,52130-60223
4654,variation,2952,52128,52128
4655,variation,2952,52128-60110,52128-60110
4656,variation,2952,52128-60112,52128-60112
4657,variation,2952,52128-60122,52128-60122
4658,variation,2952,52128-60212,52128-60212
4659,variation,2952,52128-60213,52128-60213
4660,variation,2952,52128-60222,52128-60222
4661,variation,2952,52128-60223,52128-60223
4662,variation,2952,52125,52125
4663,variation,2952,52125-60110,52125-60110
4664,variation,2952,52125-60112,52125-60112
4665,variation,2952,52125-60122,52125-60122
4666,variation,2952,52125-60212,52125-60212
4667,variation,2952,52125-60213,52125-60213
4668,variation,2952,52125-60222,52125-60222
4669,variation,2952,52125-60223,52125-60223
4670,variation,2952,52110,52110
4671,variation,2952,52110-60110,52110-60110
4672,variation,2952,52110-60112,52110-60112
4673,variation,2952,52110-60122,52110-60122
4674,variation,2952,52110-60212,52110-60212
4675,variation,2952,52110-60213,52110-60213
4676,variation,2952,52110-60222,52110-60222
4677,variation,2952,52110-60223,52110-60223
4678,variation,2952,52109,52109
4679,variation,2952,52109-60110,52109-60110
4680,variation,2952,52109-60112,52109-60112
4681,variation,2952,52109-60122,52109-60122
4682,variation,2952,52109-60212,52109-60212
4683,variation,2952,52109-60213,52109-60213
4684,variation,2952,52109-60222,52109-60222
4685,variation,2952,52109-60223,52109-60223
4686,variation,2952,52127,52127
4687,variation,2952,52127-60110,52127-60110
4688,variation,2952,52127-60112,52127-60112
4689,variation,2952,52127-60122,52127-60122
4690,variation,2952,52127-60212,52127-60212
4691,variation,2952,52127-60213,52127-60213
4692,variation,2952,52127-60222,52127-60222
4693,variation,2952,52127-60223,52127-60223
4694,variation,2952,52129,52129
4695,variation,2952,52129-60110,52129-60110
4696,variation,2952,52129-60112,52129-60112
4697,variation,2952,52129-60122,52129-60122
4698,variation,2952,52129-60212,52129-60212
4699,variation,2952,52129-60213,52129-60213
4700,variation,2952,52129-60222,52129-60222
4701,variation,2952,52129-60223,52129-60223
4702,variation,2952,52107,52107
4703,variation,2952,52107-60110,52107-60110
4704,variation,2952,52107-60112,52107-60112
4705,variation,2952,52107-60122,52107-60122
4706,variation,2952,52107-60212,52107-60212
4707,variation,2952,52107-60213,52107-60213
4708,variation,2952,52107-60222,52107-60222
4709,variation,2952,52107-60223,52107-60223
4710,variation,2952,52136,52136
4711,variation,2952,52136-60110,52136-60110
4712,variation,2952,52136-60112,52136-60112
4713,variation,2952,52136-60122,52136-60122
4714,variation,2952,52136-60212,52136-60212
4715,variation,2952,52136-60213,52136-60213
4716,variation,2952,52136-60222,52136-60222
4717,variation,2952,52136-60223,52136-60223
4718,variation,2952,52132,52132
4719,variation,2952,52132-60110,52132-60110
4720,variation,2952,52132-60112,52132-60112
4721,variation,2952,52132-60122,52132-60122
4722,variation,2952,52132-60212,52132-60212
4723,variation,2952,52132-60213,52132-60213
4724,variation,2952,52132-60222,52132-60222
4725,variation,2952,52132-60223,52132-60223
5160,variation,5159,21013-DE,21013-DE
5161,variation,5159,21013-DE-60110,21013-DE-60110
5162,variation,5159,21013-DE-60112,21013-DE-60112
5163,variation,5159,21013-DE-60122,21013-DE-60122
5164,variation,5159,21013-DE-60212,21013-DE-60212
5165,variation,5159,21013-DE-60213,21013-DE-60213
5166,variation,5159,21013-DE-60222,21013-DE-60222
5167,variation,5159,21013-DE-60223,21013-DE-60223
5168,variation,5159,21013-FR,21013-FR
5169,variation,5159,21013-FR-60110,21013-FR-60110
5170,variation,5159,21013-FR-60112,21013-FR-60112
5171,variation,5159,21013-FR-60122,21013-FR-60122
5172,variation,5159,21013-FR-60212,21013-FR-60212
5173,variation,5159,21013-FR-60213,21013-FR-60213
5174,variation,5159,21013-FR-60222,21013-FR-60222
5175,variation,5159,21013-FR-60223,21013-FR-60223
5176,variation,5159,21013-UK,21013-UK
5177,variation,5159,21013-UK-60110,21013-UK-60110
5178,variation,5159,21013-UK-60112,21013-UK-60112
5179,variation,5159,21013-UK-60122,21013-UK-60122
5180,variation,5159,21013-UK-60212,21013-UK-60212
5181,variation,5159,21013-UK-60213,21013-UK-60213
5182,variation,5159,21013-UK-60222,21013-UK-60222
5183,variation,5159,21013-UK-60223,21013-UK-60223
5184,variation,5159,0654B-XA00003-S-DK,20013-DK
5186,variation,5185,21014-DE,21014-DE
5187,variation,5185,21014-DE-60110,21014-DE-60110
5188,variation,5185,21014-DE-60112,21014-DE-60112
5189,variation,5185,21014-DE-60122,21014-DE-60122
5190,variation,5185,21014-DE-60212,21014-DE-60212
5191,variation,5185,21014-DE-60213,21014-DE-60213
5192,variation,5185,21014-DE-60222,21014-DE-60222
5193,variation,5185,21014-DE-60223,21014-DE-60223
5194,variation,5185,21014-FR,21014-FR
5195,variation,5185,21014-FR-60110,21014-FR-60110
5196,variation,5185,21014-FR-60112,21014-FR-60112
5197,variation,5185,21014-FR-60122,21014-FR-60122
5198,variation,5185,21014-FR-60212,21014-FR-60212
5199,variation,5185,21014-FR-60213,21014-FR-60213
5200,variation,5185,21014-FR-60222,21014-FR-60222
5201,variation,5185,21014-FR-60223,21014-FR-60223
5202,variation,5185,21014-UK,21014-UK
5203,variation,5185,21014-UK-60110,21014-UK-60110
5204,variation,5185,21014-UK-60112,21014-UK-60112
5205,variation,5185,21014-UK-60122,21014-UK-60122
5206,variation,5185,21014-UK-60212,21014-UK-60212
5207,variation,5185,21014-UK-60213,21014-UK-60213
5208,variation,5185,21014-UK-60222,21014-UK-60222
5209,variation,5185,21014-UK-60223,21014-UK-60223
5216,variation,1908,10681,10681
5217,variation,1908,10703,10703
5218,variation,1600,10144,10144
5219,variation,1600,10144-60110,10144-60110
5220,variation,1600,10144-60112,10144-60112
5221,variation,1600,10144-60122,10144-60122
5222,variation,1600,10144-60212,10144-60212
5223,variation,1600,10144-60213,10144-60213
5224,variation,1600,10144-60222,10144-60222
5225,variation,1600,10144-60223,10144-60223
5226,variation,1600,10144-CZ,10144-CZ
5227,variation,1600,10144-CZ-60110,10144-CZ-60110
5228,variation,1600,10144-CZ-60112,10144-CZ-60112
5229,variation,1600,10144-CZ-60122,10144-CZ-60122
5230,variation,1600,10144-CZ-60212,10144-CZ-60212
5231,variation,1600,10144-CZ-60213,10144-CZ-60213
5232,variation,1600,10144-CZ-60222,10144-CZ-60222
5233,variation,1600,10144-CZ-60223,10144-CZ-60223
5234,variation,1600,10144-DE,10144-DE
5235,variation,1600,10144-DE-60110,10144-DE-60110
5236,variation,1600,10144-DE-60112,10144-DE-60112
5237,variation,1600,10144-DE-60122,10144-DE-60122
5238,variation,1600,10144-DE-60212,10144-DE-60212
5239,variation,1600,10144-DE-60213,10144-DE-60213
5240,variation,1600,10144-DE-60222,10144-DE-60222
5241,variation,1600,10144-DE-60223,10144-DE-60223
5242,variation,1600,10144-ES,10144-ES
5243,variation,1600,10144-ES-60110,10144-ES-60110
5244,variation,1600,10144-ES-60112,10144-ES-60112
5245,variation,1600,10144-ES-60122,10144-ES-60122
5246,variation,1600,10144-ES-60212,10144-ES-60212
5247,variation,1600,10144-ES-60213,10144-ES-60213
5248,variation,1600,10144-ES-60222,10144-ES-60222
5249,variation,1600,10144-ES-60223,10144-ES-60223
5250,variation,1600,10144-FIN,10144-FIN
5251,variation,1600,10144-FIN-60110,10144-FIN-60110
5252,variation,1600,10144-FIN-60112,10144-FIN-60112
5253,variation,1600,10144-FIN-60122,10144-FIN-60122
5254,variation,1600,10144-FIN-60212,10144-FIN-60212
5255,variation,1600,10144-FIN-60213,10144-FIN-60213
5256,variation,1600,10144-FIN-60222,10144-FIN-60222
5257,variation,1600,10144-FIN-60223,10144-FIN-60223
5258,variation,1600,10144-NO,10144-NO
5259,variation,1600,10144-NO-60110,10144-NO-60110
5260,variation,1600,10144-NO-60112,10144-NO-60112
5261,variation,1600,10144-NO-60122,10144-NO-60122
5262,variation,1600,10144-NO-60212,10144-NO-60212
5263,variation,1600,10144-NO-60213,10144-NO-60213
5264,variation,1600,10144-NO-60222,10144-NO-60222
5265,variation,1600,10144-NO-60223,10144-NO-60223
5266,variation,1600,10144-PL,10144-PL
5267,variation,1600,10144-PL-60110,10144-PL-60110
5268,variation,1600,10144-PL-60112,10144-PL-60112
5269,variation,1600,10144-PL-60122,10144-PL-60122
5270,variation,1600,10144-PL-60212,10144-PL-60212
5271,variation,1600,10144-PL-60213,10144-PL-60213
5272,variation,1600,10144-PL-60222,10144-PL-60222
5273,variation,1600,10144-PL-60223,10144-PL-60223
5274,variation,1600,10144-SE,10144-SE
5275,variation,1600,10144-SE-60110,10144-SE-60110
5276,variation,1600,10144-SE-60112,10144-SE-60112
5277,variation,1600,10144-SE-60122,10144-SE-60122
5278,variation,1600,10144-SE-60212,10144-SE-60212
5279,variation,1600,10144-SE-60213,10144-SE-60213
5280,variation,1600,10144-SE-60222,10144-SE-60222
5281,variation,1600,10144-SE-60223,10144-SE-60223
5282,variation,1600,10144-UK,10144-UK
5283,variation,1600,10144-UK-60110,10144-UK-60110
5284,variation,1600,10144-UK-60112,10144-UK-60112
5285,variation,1600,10144-UK-60122,10144-UK-60122
5286,variation,1600,10144-UK-60212,10144-UK-60212
5287,variation,1600,10144-UK-60213,10144-UK-60213
5288,variation,1600,10144-UK-60222,10144-UK-60222
5289,variation,1600,10144-UK-60223,10144-UK-60223
5290,variation,1600,10144-FR,10144-FR
5291,variation,1600,10144-FR-60110,10144-FR-60110
5292,variation,1600,10144-FR-60112,10144-FR-60112
5293,variation,1600,10144-FR-60122,10144-FR-60122
5294,variation,1600,10144-FR-60212,10144-FR-60212
5295,variation,1600,10144-FR-60213,10144-FR-60213
5296,variation,1600,10144-FR-60222,10144-FR-60222
5297,variation,1600,10144-FR-60223,10144-FR-60223
5298,variation,1822,11145-60110,11145-60110
5299,variation,1822,11145-60112,11145-60112
5300,variation,1822,11145-60122,11145-60122
5301,variation,1822,11145-60212,11145-60212
5302,variation,1822,11145-60213,11145-60213
5303,variation,1822,11145-60222,11145-60222
5304,variation,1822,11145-60223,11145-60223
5305,variation,1822,11145-DK,11145-DK
5306,variation,1822,11145-DK-60110,11145-DK-60110
5307,variation,1822,11145-DK-60112,11145-DK-60112
5308,variation,1822,11145-DK-60122,11145-DK-60122
5309,variation,1822,11145-DK-60212,11145-DK-60212
5310,variation,1822,11145-DK-60213,11145-DK-60213
5311,variation,1822,11145-DK-60222,11145-DK-60222
5312,variation,1822,11145-DK-60223,11145-DK-60223
5313,variation,1822,11145-DE-60110,11145-DE-60110
5314,variation,1822,11145-DE-60112,11145-DE-60112
5315,variation,1822,11145-DE-60122,11145-DE-60122
5316,variation,1822,11145-DE-60212,11145-DE-60212
5317,variation,1822,11145-DE-60213,11145-DE-60213
5318,variation,1822,11145-DE-60222,11145-DE-60222
5319,variation,1822,11145-DE-60223,11145-DE-60223
5320,variation,1822,11145-EN-60110,11145-EN-60110
5321,variation,1822,11145-EN-60112,11145-EN-60112
5322,variation,1822,11145-EN-60122,11145-EN-60122
5323,variation,1822,11145-EN-60212,11145-EN-60212
5324,variation,1822,11145-EN-60213,11145-EN-60213
5325,variation,1822,11145-EN-60222,11145-EN-60222
5326,variation,1822,11145-EN-60223,11145-EN-60223
5327,variation,1822,11145-ES-60110,11145-ES-60110
5328,variation,1822,11145-ES-60112,11145-ES-60112
5329,variation,1822,11145-ES-60122,11145-ES-60122
5330,variation,1822,11145-ES-60212,11145-ES-60212
5331,variation,1822,11145-ES-60213,11145-ES-60213
5332,variation,1822,11145-ES-60222,11145-ES-60222
5333,variation,1822,11145-ES-60223,11145-ES-60223
5334,variation,1822,11145-FR-60110,11145-FR-60110
5335,variation,1822,11145-FR-60112,11145-FR-60112
5336,variation,1822,11145-FR-60122,11145-FR-60122
5337,variation,1822,11145-FR-60212,11145-FR-60212
5338,variation,1822,11145-FR-60213,11145-FR-60213
5339,variation,1822,11145-FR-60222,11145-FR-60222
5340,variation,1822,11145-FR-60223,11145-FR-60223
5341,variation,1822,11145-GR-60110,11145-GR-60110
5342,variation,1822,11145-GR-60112,11145-GR-60112
5343,variation,1822,11145-GR-60122,11145-GR-60122
5344,variation,1822,11145-GR-60212,11145-GR-60212
5345,variation,1822,11145-GR-60213,11145-GR-60213
5346,variation,1822,11145-GR-60222,11145-GR-60222
5347,variation,1822,11145-GR-60223,11145-GR-60223
5348,variation,1822,11145-IT,11145-IT
5349,variation,1822,11145-IT-60110,11145-IT-60110
5350,variation,1822,11145-IT-60112,11145-IT-60112
5351,variation,1822,11145-IT-60122,11145-IT-60122
5352,variation,1822,11145-IT-60212,11145-IT-60212
5353,variation,1822,11145-IT-60213,11145-IT-60213
5354,variation,1822,11145-IT-60222,11145-IT-60222
5355,variation,1822,11145-IT-60223,11145-IT-60223
5356,variation,1822,11145-NO,11145-NO
5357,variation,1822,11145-NO-60110,11145-NO-60110
5358,variation,1822,11145-NO-60112,11145-NO-60112
5359,variation,1822,11145-NO-60122,11145-NO-60122
5360,variation,1822,11145-NO-60212,11145-NO-60212
5361,variation,1822,11145-NO-60213,11145-NO-60213
5362,variation,1822,11145-NO-60222,11145-NO-60222
5363,variation,1822,11145-NO-60223,11145-NO-60223
5364,variation,1822,11145NO2,11145NO2
5365,variation,1822,11145NO2-60110,11145NO2-60110
5366,variation,1822,11145NO2-60112,11145NO2-60112
5367,variation,1822,11145NO2-60122,11145NO2-60122
5368,variation,1822,11145NO2-60212,11145NO2-60212
5369,variation,1822,11145NO2-60213,11145NO2-60213
5370,variation,1822,11145NO2-60222,11145NO2-60222
5371,variation,1822,11145NO2-60223,11145NO2-60223
5372,variation,1822,11145-PL-60110,11145-PL-60110
5373,variation,1822,11145-PL-60112,11145-PL-60112
5374,variation,1822,11145-PL-60122,11145-PL-60122
5375,variation,1822,11145-PL-60212,11145-PL-60212
5376,variation,1822,11145-PL-60213,11145-PL-60213
5377,variation,1822,11145-PL-60222,11145-PL-60222
5378,variation,1822,11145-PL-60223,11145-PL-60223
5379,variation,1822,11145-PT-60110,11145-PT-60110
5380,variation,1822,11145-PT-60112,11145-PT-60112
5381,variation,1822,11145-PT-60122,11145-PT-60122
5382,variation,1822,11145-PT-60212,11145-PT-60212
5383,variation,1822,11145-PT-60213,11145-PT-60213
5384,variation,1822,11145-PT-60222,11145-PT-60222
5385,variation,1822,11145-PT-60223,11145-PT-60223
5386,variation,1822,11145-SE-60110,11145-SE-60110
5387,variation,1822,11145-SE-60112,11145-SE-60112
5388,variation,1822,11145-SE-60122,11145-SE-60122
5389,variation,1822,11145-SE-60212,11145-SE-60212
5390,variation,1822,11145-SE-60213,11145-SE-60213
5391,variation,1822,11145-SE-60222,11145-SE-60222
5392,variation,1822,11145-SE-60223,11145-SE-60223
5394,variation,1822,11145-EN,11145-EN
5395,variation,1822,11145-FR,11145-FR
5396,variation,1822,11145-DE,11145-DE
5397,variation,1822,11145-GR,11145-GR
5398,variation,1822,11145-PL,11145-PL
5399,variation,1822,11145-PT,11145-PT
5400,variation,1822,11145-ES,11145-ES
5401,variation,1822,11145-SE,11145-SE
5402,variation,1822,11145,11145
5403,variation,2971,11111,11111
5404,variation,2971,11111-60110,11111-60110
5405,variation,2971,11111-60112,11111-60112
5406,variation,2971,11111-60122,11111-60122
5407,variation,2971,11111-60213,11111-60213
5408,variation,2971,11111-60222,11111-60222
5409,variation,2971,11111-60223,11111-60223
5411,variation,2971,11112,11112
5412,variation,2971,11112-60110,11112-60110
5413,variation,2971,11112-60112,11112-60112
5414,variation,2971,11112-60122,11112-60122
5415,variation,2971,11112-60213,11112-60213
5416,variation,2971,11112-60222,11112-60222
5417,variation,2971,11112-60223,11112-60223
5419,variation,2971,11113,11113
5420,variation,2971,11113-60110,11113-60110
5421,variation,2971,11113-60112,11113-60112
5422,variation,2971,11113-60122,11113-60122
5423,variation,2971,11113-60213,11113-60213
5424,variation,2971,11113-60222,11113-60222
5425,variation,2971,11113-60223,11113-60223
5427,variation,2971,11114,11114
5428,variation,2971,11114-60110,11114-60110
5429,variation,2971,11114-60112,11114-60112
5430,variation,2971,11114-60122,11114-60122
5431,variation,2971,11114-60213,11114-60213
5432,variation,2971,11114-60222,11114-60222
5433,variation,2971,11114-60223,11114-60223
5435,variation,2971,11117,11117
5436,variation,2971,11117-60110,11117-60110
5437,variation,2971,11117-60112,11117-60112
5438,variation,2971,11117-60122,11117-60122
5439,variation,2971,11117-60213,11117-60213
5440,variation,2971,11117-60222,11117-60222
5441,variation,2971,11117-60223,11117-60223
5443,variation,2976,11121,11121
5444,variation,2976,11121-60110,11121-60110
5445,variation,2976,11121-60112,11121-60112
5446,variation,2976,11121-60122,11121-60122
5447,variation,2976,11121-60213,11121-60213
5448,variation,2976,11121-60222,11121-60222
5449,variation,2976,11121-60223,11121-60223
5451,variation,2976,11122,11122
5452,variation,2976,11122-60110,11122-60110
5453,variation,2976,11122-60112,11122-60112
5454,variation,2976,11122-60122,11122-60122
5455,variation,2976,11122-60213,11122-60213
5456,variation,2976,11122-60222,11122-60222
5457,variation,2976,11122-60223,11122-60223
5459,variation,2976,11123,11123
5460,variation,2976,11123-60110,11123-60110
5461,variation,2976,11123-60112,11123-60112
5462,variation,2976,11123-60122,11123-60122
5463,variation,2976,11123-60213,11123-60213
5464,variation,2976,11123-60222,11123-60222
5465,variation,2976,11123-60223,11123-60223
5467,variation,2976,11124,11124
5468,variation,2976,11124-60110,11124-60110
5469,variation,2976,11124-60112,11124-60112
5470,variation,2976,11124-60122,11124-60122
5471,variation,2976,11124-60213,11124-60213
5472,variation,2976,11124-60222,11124-60222
5473,variation,2976,11124-60223,11124-60223
5475,variation,2976,11127,11127
5476,variation,2976,11127-60110,11127-60110
5477,variation,2976,11127-60112,11127-60112
5478,variation,2976,11127-60122,11127-60122
5479,variation,2976,11127-60213,11127-60213
5480,variation,2976,11127-60222,11127-60222
5481,variation,2976,11127-60223,11127-60223
5483,variation,2981,11131,11131
5484,variation,2981,11131-60110,11131-60110
5485,variation,2981,11131-60112,11131-60112
5486,variation,2981,11131-60122,11131-60122
5487,variation,2981,11131-60213,11131-60213
5488,variation,2981,11131-60222,11131-60222
5489,variation,2981,11131-60223,11131-60223
5491,variation,2981,11132,11132
5492,variation,2981,11132-60110,11132-60110
5493,variation,2981,11132-60112,11132-60112
5494,variation,2981,11132-60122,11132-60122
5495,variation,2981,11132-60213,11132-60213
5496,variation,2981,11132-60222,11132-60222
5497,variation,2981,11132-60223,11132-60223
5499,variation,2981,11133,11133
5500,variation,2981,11133-60110,11133-60110
5501,variation,2981,11133-60112,11133-60112
5502,variation,2981,11133-60122,11133-60122
5503,variation,2981,11133-60213,11133-60213
5504,variation,2981,11133-60222,11133-60222
5505,variation,2981,11133-60223,11133-60223
5507,variation,2981,11134,11134
5508,variation,2981,11134-60110,11134-60110
5509,variation,2981,11134-60112,11134-60112
5510,variation,2981,11134-60122,11134-60122
5511,variation,2981,11134-60213,11134-60213
5512,variation,2981,11134-60222,11134-60222
5513,variation,2981,11134-60223,11134-60223
5515,variation,2981,11137,11137
5516,variation,2981,11137-60110,11137-60110
5517,variation,2981,11137-60112,11137-60112
5518,variation,2981,11137-60122,11137-60122
5519,variation,2981,11137-60213,11137-60213
5520,variation,2981,11137-60222,11137-60222
5521,variation,2981,11137-60223,11137-60223
5525,variation,1993,11187,11187
5526,variation,1993,11187-60110,11187-60110
5527,variation,1993,11187-60112,11187-60112
5528,variation,1993,11187-60122,11187-60122
5529,variation,1993,11187-60212,11187-60212
5530,variation,1993,11187-60213,11187-60213
5531,variation,1993,11187-60222,11187-60222
5532,variation,1993,11187-60223,11187-60223
5533,variation,1993,11657,11657
5534,variation,1993,11657-60110,11657-60110
5535,variation,1993,11657-60112,11657-60112
5536,variation,1993,11657-60122,11657-60122
5537,variation,1993,11657-60212,11657-60212
5538,variation,1993,11657-60213,11657-60213
5539,variation,1993,11657-60222,11657-60222
5540,variation,1993,11657-60223,11657-60223
5541,variation,1993,11661,11661
5542,variation,1993,11661-DE,11661-DE
5543,variation,1993,11661-DE-60112,11661-DE-60112
5544,variation,1993,11661-DE-60122,11661-DE-60122
5545,variation,1993,11661-DE-60212,11661-DE-60212
5546,variation,1993,11661-DE-60213,11661-DE-60213
5547,variation,1993,11661-DE-60222,11661-DE-60222
5548,variation,1993,11661-DE-60223,11661-DE-60223
5642,variation,5641,064.1309-SAM-UK,064.1309-SAM-UK
5643,variation,5641,064.1308-SAM-DE,064.1308-SAM-DE
5644,variation,5641,064.1308-SAM-DE-60110,064.1308-SAM-DE-60110
5645,variation,5641,064.1308-SAM-DE-60112,064.1308-SAM-DE-60112
5646,variation,5641,064.1308-SAM-DE-60122,064.1308-SAM-DE-60122
5647,variation,5641,064.1308-SAM-DE-60212,064.1308-SAM-DE-60212
5648,variation,5641,064.1308-SAM-DE-60213,064.1308-SAM-DE-60213
5649,variation,5641,064.1308-SAM-DE-60222,064.1308-SAM-DE-60222
5650,variation,5641,064.1308-SAM-DE-60223,064.1308-SAM-DE-60223
5651,variation,5641,064.1309-SAM-UK-60110,064.1309-SAM-UK-60110
5652,variation,5641,064.1309-SAM-UK-60112,064.1309-SAM-UK-60112
5653,variation,5641,064.1309-SAM-UK-60122,064.1309-SAM-UK-60122
5654,variation,5641,064.1309-SAM-UK-60212,064.1309-SAM-UK-60212
5655,variation,5641,064.1309-SAM-UK-60213,064.1309-SAM-UK-60213
5656,variation,5641,064.1309-SAM-UK-60222,064.1309-SAM-UK-60222
5657,variation,5641,064.1309-SAM-UK-60223,064.1309-SAM-UK-60223
5659,variation,5658,064.1338-SAM-DE,064.1338-SAM-DE
5660,variation,5658,064.1338-SAM-DE-60110,064.1338-SAM-DE-60110
5661,variation,5658,064.1338-SAM-DE-60112,064.1338-SAM-DE-60112
5662,variation,5658,064.1338-SAM-DE-60122,064.1338-SAM-DE-60122
5663,variation,5658,064.1338-SAM-DE-60212,064.1338-SAM-DE-60212
5664,variation,5658,064.1338-SAM-DE-60213,064.1338-SAM-DE-60213
5665,variation,5658,064.1338-SAM-DE-60222,064.1338-SAM-DE-60222
5666,variation,5658,064.1338-SAM-DE-60223,064.1338-SAM-DE-60223
5667,variation,5658,064.1339-UK,064.1339-UK
5668,variation,5658,064.1339-UK-60110,064.1339-UK-60110
5669,variation,5658,064.1339-UK-60112,064.1339-UK-60112
5670,variation,5658,064.1339-UK-60122,064.1339-UK-60122
5671,variation,5658,064.1339-UK-60212,064.1339-UK-60212
5672,variation,5658,064.1339-UK-60213,064.1339-UK-60213
5673,variation,5658,064.1339-UK-60222,064.1339-UK-60222
5674,variation,5658,064.1339-UK-60223,064.1339-UK-60223
5938,variation,1950,11996-60110,11996-60110
5939,variation,1950,11996-60112,11996-60112
5940,variation,1950,11996-60122,11996-60122
5941,variation,1950,11996-60212,11996-60212
5942,variation,1950,11996-60213,11996-60213
5943,variation,1950,11996-60222,11996-60222
5944,variation,1950,11996-60223,11996-60223
5945,variation,1950,11996,11996
5948,variation,1600,10144-DK-60110,10144-DK-60110
5949,variation,1600,10144-DK-60112,10144-DK-60112
5950,variation,1600,10144-DK-60122,10144-DK-60122
5951,variation,1600,10144-DK-60212,10144-DK-60212
5952,variation,1600,10144-DK-60213,10144-DK-60213
5953,variation,1600,10144-DK-60222,10144-DK-60222
5954,variation,1600,10144-DK-60223,10144-DK-60223
5955,variation,1600,10144-GR-60110,10144-GR-60110
5956,variation,1600,10144-GR-60112,10144-GR-60112
5957,variation,1600,10144-GR-60122,10144-GR-60122
5958,variation,1600,10144-GR-60212,10144-GR-60212
5959,variation,1600,10144-GR-60213,10144-GR-60213
5960,variation,1600,10144-GR-60222,10144-GR-60222
5961,variation,1600,10144-GR-60223,10144-GR-60223
5962,variation,1600,10144-ITA-60110,10144-ITA-60110
5963,variation,1600,10144-ITA-60112,10144-ITA-60112
5964,variation,1600,10144-ITA-60122,10144-ITA-60122
5965,variation,1600,10144-ITA-60212,10144-ITA-60212
5966,variation,1600,10144-ITA-60213,10144-ITA-60213
5967,variation,1600,10144-ITA-60222,10144-ITA-60222
5968,variation,1600,10144-ITA-60223,10144-ITA-60223
5969,variation,1600,10144-DK,10144-DK
5970,variation,1600,10144-GR,10144-GR
5971,variation,1600,10144-ITA,10144-ITA
5972,variation,2971,11113-60212,11113-60212
5973,variation,2971,11114-60212,11114-60212
5974,variation,2971,11117-60212,11117-60212
5975,variation,2976,11123-60212,11123-60212
5976,variation,2976,11124-60212,11124-60212
5977,variation,2976,11127-60212,11127-60212
5978,variation,2981,11133-60212,11133-60212
5979,variation,2981,11134-60212,11134-60212
5980,variation,2981,11137-60212,11137-60212
5981,variation,5159,21013,21013
5982,variation,5159,21013-DE-4G-60110,21013-DE-4G-60110
5983,variation,5159,21013-DE-4G-60112,21013-DE-4G-60112
5984,variation,5159,21013-DE-4G-60122,21013-DE-4G-60122
5985,variation,5159,21013-DE-4G-60212,21013-DE-4G-60212
5986,variation,5159,21013-DE-4G-60213,21013-DE-4G-60213
5987,variation,5159,21013-DE-4G-60222,21013-DE-4G-60222
5988,variation,5159,21013-DE-4G-60223,21013-DE-4G-60223
5989,variation,5159,21013-DK-60110,21013-DK-60110
5990,variation,5159,21013-DK-60112,21013-DK-60112
5991,variation,5159,21013-DK-60122,21013-DK-60122
5992,variation,5159,21013-DK-60212,21013-DK-60212
5993,variation,5159,21013-DK-60213,21013-DK-60213
5994,variation,5159,21013-DK-60222,21013-DK-60222
5995,variation,5159,21013-DK-60223,21013-DK-60223
5996,variation,5159,21013-GRE-60110,21013-GRE-60110
5997,variation,5159,21013-GRE-60112,21013-GRE-60112
5998,variation,5159,21013-GRE-60122,21013-GRE-60122
5999,variation,5159,21013-GRE-60212,21013-GRE-60212
6000,variation,5159,21013-GRE-60213,21013-GRE-60213
6001,variation,5159,21013-GRE-60222,21013-GRE-60222
6002,variation,5159,21013-GRE-60223,21013-GRE-60223
6003,variation,5159,21013-DE-4G,21013-DE-4G
6004,variation,5159,21013-DK,21013-DK
6005,variation,5159,21013-GRE,21013-GRE
6006,variation,5185,21014,21014
6007,variation,5185,21014-DE-4G-60110,21014-DE-4G-60110
6008,variation,5185,21014-DE-4G-60112,21014-DE-4G-60112
6009,variation,5185,21014-DE-4G-60122,21014-DE-4G-60122
6010,variation,5185,21014-DE-4G-60212,21014-DE-4G-60212
6011,variation,5185,21014-DE-4G-60213,21014-DE-4G-60213
6012,variation,5185,21014-DE-4G-60222,21014-DE-4G-60222
6013,variation,5185,21014-DE-4G-60223,21014-DE-4G-60223
6014,variation,5185,21014-DE-4G,21014-DE-4G
6015,variation,2952,52202-60110,52202-60110
6016,variation,2952,52202-60112,52202-60112
6017,variation,2952,52202-60122,52202-60122
6018,variation,2952,52202-60212,52202-60212
6019,variation,2952,52202-60213,52202-60213
6020,variation,2952,52202-60222,52202-60222
6021,variation,2952,52202-60223,52202-60223
6022,variation,2952,52203-60110,52203-60110
6023,variation,2952,52203-60112,52203-60112
6024,variation,2952,52203-60122,52203-60122
6025,variation,2952,52203-60212,52203-60212
6026,variation,2952,52203-60213,52203-60213
6027,variation,2952,52203-60222,52203-60222
6028,variation,2952,52203-60223,52203-60223
6029,variation,2952,52104,52104
6030,variation,2952,52104-60110,52104-60110
6031,variation,2952,52104-60112,52104-60112
6032,variation,2952,52104-60122,52104-60122
6033,variation,2952,52104-60212,52104-60212
6034,variation,2952,52104-60213,52104-60213
6035,variation,2952,52104-60222,52104-60222
6036,variation,2952,52104-60223,52104-60223
6037,variation,2952,52146,52146
6038,variation,2952,52146-60110,52146-60110
6039,variation,2952,52146-60112,52146-60112
6040,variation,2952,52146-60122,52146-60122
6041,variation,2952,52146-60212,52146-60212
6042,variation,2952,52146-60213,52146-60213
6043,variation,2952,52146-60222,52146-60222
6044,variation,2952,52146-60223,52146-60223
6045,variation,2952,52148,52148
6046,variation,2952,52148-60110,52148-60110
6047,variation,2952,52148-60112,52148-60112
6048,variation,2952,52148-60122,52148-60122
6049,variation,2952,52148-60212,52148-60212
6050,variation,2952,52148-60213,52148-60213
6051,variation,2952,52148-60222,52148-60222
6052,variation,2952,52148-60223,52148-60223
6053,variation,2952,52150,52150
6054,variation,2952,52150-60110,52150-60110
6055,variation,2952,52150-60112,52150-60112
6056,variation,2952,52150-60122,52150-60122
6057,variation,2952,52150-60212,52150-60212
6058,variation,2952,52150-60213,52150-60213
6059,variation,2952,52150-60222,52150-60222
6060,variation,2952,52150-60223,52150-60223
6061,variation,2952,52152,52152
6062,variation,2952,52152-60110,52152-60110
6063,variation,2952,52152-60112,52152-60112
6064,variation,2952,52152-60122,52152-60122
6065,variation,2952,52152-60212,52152-60212
6066,variation,2952,52152-60213,52152-60213
6067,variation,2952,52152-60222,52152-60222
6068,variation,2952,52152-60223,52152-60223
6069,variation,2952,52154,52154
6070,variation,2952,52154-60110,52154-60110
6071,variation,2952,52154-60112,52154-60112
6072,variation,2952,52154-60122,52154-60122
6073,variation,2952,52154-60212,52154-60212
6074,variation,2952,52154-60213,52154-60213
6075,variation,2952,52154-60222,52154-60222
6076,variation,2952,52154-60223,52154-60223
6077,variation,2952,52156,52156
6078,variation,2952,52156-60110,52156-60110
6079,variation,2952,52156-60112,52156-60112
6080,variation,2952,52156-60122,52156-60122
6081,variation,2952,52156-60212,52156-60212
6082,variation,2952,52156-60213,52156-60213
6083,variation,2952,52156-60222,52156-60222
6084,variation,2952,52156-60223,52156-60223
6085,variation,2952,52158,52158
6086,variation,2952,52158-60110,52158-60110
6087,variation,2952,52158-60112,52158-60112
6088,variation,2952,52158-60122,52158-60122
6089,variation,2952,52158-60212,52158-60212
6090,variation,2952,52158-60213,52158-60213
6091,variation,2952,52158-60222,52158-60222
6092,variation,2952,52158-60223,52158-60223
6093,variation,2952,52160,52160
6094,variation,2952,52160-60110,52160-60110
6095,variation,2952,52160-60112,52160-60112
6096,variation,2952,52160-60122,52160-60122
6097,variation,2952,52160-60212,52160-60212
6098,variation,2952,52160-60213,52160-60213
6099,variation,2952,52160-60222,52160-60222
6100,variation,2952,52160-60223,52160-60223
6101,variation,2952,52162,52162
6102,variation,2952,52162-60110,52162-60110
6103,variation,2952,52162-60112,52162-60112
6104,variation,2952,52162-60122,52162-60122
6105,variation,2952,52162-60212,52162-60212
6106,variation,2952,52162-60213,52162-60213
6107,variation,2952,52162-60222,52162-60222
6108,variation,2952,52162-60223,52162-60223
6109,variation,2952,52164,52164
6110,variation,2952,52164-60110,52164-60110
6111,variation,2952,52164-60112,52164-60112
6112,variation,2952,52164-60122,52164-60122
6113,variation,2952,52164-60212,52164-60212
6114,variation,2952,52164-60213,52164-60213
6115,variation,2952,52164-60222,52164-60222
6116,variation,2952,52164-60223,52164-60223
6117,variation,2952,52165,52165
6118,variation,2952,52165-60110,52165-60110
6119,variation,2952,52165-60112,52165-60112
6120,variation,2952,52165-60122,52165-60122
6121,variation,2952,52165-60212,52165-60212
6122,variation,2952,52165-60213,52165-60213
6123,variation,2952,52165-60222,52165-60222
6124,variation,2952,52165-60223,52165-60223
6125,variation,2952,52202,52202
6126,variation,2952,52203,52203
6127,variation,2940,52201-60110,52201-60110
6128,variation,2940,52201-60112,52201-60112
6129,variation,2940,52201-60122,52201-60122
6130,variation,2940,52201-60212,52201-60212
6131,variation,2940,52201-60213,52201-60213
6132,variation,2940,52201-60222,52201-60222
6133,variation,2940,52201-60223,52201-60223
6134,variation,2940,52108,52108
6135,variation,2940,52108-60110,52108-60110
6136,variation,2940,52108-60112,52108-60112
6137,variation,2940,52108-60122,52108-60122
6138,variation,2940,52108-60212,52108-60212
6139,variation,2940,52108-60213,52108-60213
6140,variation,2940,52108-60222,52108-60222
6141,variation,2940,52108-60223,52108-60223
6142,variation,2940,52151,52151
6143,variation,2940,52151-60110,52151-60110
6144,variation,2940,52151-60112,52151-60112
6145,variation,2940,52151-60122,52151-60122
6146,variation,2940,52151-60212,52151-60212
6147,variation,2940,52151-60213,52151-60213
6148,variation,2940,52151-60222,52151-60222
6149,variation,2940,52151-60223,52151-60223
6150,variation,2940,52145,52145
6151,variation,2940,52145-60110,52145-60110
6152,variation,2940,52145-60112,52145-60112
6153,variation,2940,52145-60122,52145-60122
6154,variation,2940,52145-60212,52145-60212
6155,variation,2940,52145-60213,52145-60213
6156,variation,2940,52145-60222,52145-60222
6157,variation,2940,52145-60223,52145-60223
6158,variation,2940,52147,52147
6159,variation,2940,52147-60110,52147-60110
6160,variation,2940,52147-60112,52147-60112
6161,variation,2940,52147-60122,52147-60122
6162,variation,2940,52147-60212,52147-60212
6163,variation,2940,52147-60213,52147-60213
6164,variation,2940,52147-60222,52147-60222
6165,variation,2940,52147-60223,52147-60223
6166,variation,2940,52149,52149
6167,variation,2940,52149-60110,52149-60110
6168,variation,2940,52149-60112,52149-60112
6169,variation,2940,52149-60122,52149-60122
6170,variation,2940,52149-60212,52149-60212
6171,variation,2940,52149-60213,52149-60213
6172,variation,2940,52149-60222,52149-60222
6173,variation,2940,52149-60223,52149-60223
6174,variation,2940,52153,52153
6175,variation,2940,52153-60110,52153-60110
6176,variation,2940,52153-60112,52153-60112
6177,variation,2940,52153-60122,52153-60122
6178,variation,2940,52153-60212,52153-60212
6179,variation,2940,52153-60213,52153-60213
6180,variation,2940,52153-60222,52153-60222
6181,variation,2940,52153-60223,52153-60223
6182,variation,2940,52155,52155
6183,variation,2940,52155-60110,52155-60110
6184,variation,2940,52155-60112,52155-60112
6185,variation,2940,52155-60122,52155-60122
6186,variation,2940,52155-60212,52155-60212
6187,variation,2940,52155-60213,52155-60213
6188,variation,2940,52155-60222,52155-60222
6189,variation,2940,52155-60223,52155-60223
6190,variation,2940,52157,52157
6191,variation,2940,52157-60110,52157-60110
6192,variation,2940,52157-60112,52157-60112
6193,variation,2940,52157-60122,52157-60122
6194,variation,2940,52157-60212,52157-60212
6195,variation,2940,52157-60213,52157-60213
6196,variation,2940,52157-60222,52157-60222
6197,variation,2940,52157-60223,52157-60223
6198,variation,2940,52159,52159
6199,variation,2940,52159-60110,52159-60110
6200,variation,2940,52159-60112,52159-60112
6201,variation,2940,52159-60122,52159-60122
6202,variation,2940,52159-60212,52159-60212
6203,variation,2940,52159-60213,52159-60213
6204,variation,2940,52159-60222,52159-60222
6205,variation,2940,52159-60223,52159-60223
6206,variation,2940,52161,52161
6207,variation,2940,52161-60110,52161-60110
6208,variation,2940,52161-60112,52161-60112
6209,variation,2940,52161-60122,52161-60122
6210,variation,2940,52161-60212,52161-60212
6211,variation,2940,52161-60213,52161-60213
6212,variation,2940,52161-60222,52161-60222
6213,variation,2940,52161-60223,52161-60223
6214,variation,2940,52163,52163
6215,variation,2940,52163-60110,52163-60110
6216,variation,2940,52163-60112,52163-60112
6217,variation,2940,52163-60122,52163-60122
6218,variation,2940,52163-60212,52163-60212
6219,variation,2940,52163-60213,52163-60213
6220,variation,2940,52163-60222,52163-60222
6221,variation,2940,52163-60223,52163-60223
6222,variation,2940,52198,52198
6223,variation,2940,52198-60110,52198-60110
6224,variation,2940,52198-60112,52198-60112
6225,variation,2940,52198-60122,52198-60122
6226,variation,2940,52198-60212,52198-60212
6227,variation,2940,52198-60213,52198-60213
6228,variation,2940,52198-60222,52198-60222
6229,variation,2940,52198-60223,52198-60223
6230,variation,2940,52201,52201
6231,variation,1969,11897-60110,11897-60110
6232,variation,1969,11897-60112,11897-60112
6233,variation,1969,11897-60122,11897-60122
6234,variation,1969,11897-60212,11897-60212
6235,variation,1969,11897-60213,11897-60213
6236,variation,1969,11897-60222,11897-60222
6237,variation,1969,11897-60223,11897-60223
6238,variation,1969,11898-60110,11898-60110
6239,variation,1969,11898-60112,11898-60112
6240,variation,1969,11898-60122,11898-60122
6241,variation,1969,11898-60212,11898-60212
6242,variation,1969,11898-60213,11898-60213
6243,variation,1969,11898-60222,11898-60222
6244,variation,1969,11898-60223,11898-60223
6245,variation,1969,11897,11897
6246,variation,1969,11898,11898
6248,variation,3683,PP-AEDT2-100-R,PP-AEDT2-100-R
6249,variation,3678,PP-APFS-50,PP-APFS-50
6250,variation,1959,11650,11650
6251,variation,1959,11650-60110,11650-60110
6252,variation,1959,11650-60112,11650-60112
6253,variation,1959,11650-60122,11650-60122
6254,variation,1959,11650-60212,11650-60212
6255,variation,1959,11650-60213,11650-60213
6256,variation,1959,11650-60222,11650-60222
6257,variation,1959,11650-60223,11650-60223
6258,variation,1993,11187EN,11187EN
6259,variation,1993,11187EN-60110,11187EN-60110
6260,variation,1993,11187EN-60112,11187EN-60112
6261,variation,1993,11187EN-60122,11187EN-60122
6262,variation,1993,11187EN-60212,11187EN-60212
6263,variation,1993,11187EN-60213,11187EN-60213
6264,variation,1993,11187EN-60222,11187EN-60222
6265,variation,1993,11187EN-60223,11187EN-60223
6266,variation,1993,11661-DE-60110,11661-DE-60110
6267,variation,2829,21018,21018
6268,variation,2829,21011-DK-60110,21011-DK-60110
6269,variation,2829,21011-DK-60112,21011-DK-60112
6270,variation,2829,21011-DK-60122,21011-DK-60122
6271,variation,2829,21011-DK-60212,21011-DK-60212
6272,variation,2829,21011-DK-60213,21011-DK-60213
6273,variation,2829,21011-DK-60222,21011-DK-60222
6274,variation,2829,21011-DK-60223,21011-DK-60223
6275,variation,2829,21011-FIN-60110,21011-FIN-60110
6276,variation,2829,21011-FIN-60112,21011-FIN-60112
6277,variation,2829,21011-FIN-60122,21011-FIN-60122
6278,variation,2829,21011-FIN-60212,21011-FIN-60212
6279,variation,2829,21011-FIN-60213,21011-FIN-60213
6280,variation,2829,21011-FIN-60222,21011-FIN-60222
6281,variation,2829,21011-FIN-60223,21011-FIN-60223
6282,variation,2829,21011-FRDEEN-60110,21011-FRDEEN-60110
6283,variation,2829,21011-FRDEEN-60112,21011-FRDEEN-60112
6284,variation,2829,21011-FRDEEN-60122,21011-FRDEEN-60122
6285,variation,2829,21011-FRDEEN-60212,21011-FRDEEN-60212
6286,variation,2829,21011-FRDEEN-60213,21011-FRDEEN-60213
6287,variation,2829,21011-FRDEEN-60222,21011-FRDEEN-60222
6288,variation,2829,21011-FRDEEN-60223,21011-FRDEEN-60223
6289,variation,2829,21011-GR-60110,21011-GR-60110
6290,variation,2829,21011-GR-60112,21011-GR-60112
6291,variation,2829,21011-GR-60122,21011-GR-60122
6292,variation,2829,21011-GR-60212,21011-GR-60212
6293,variation,2829,21011-GR-60213,21011-GR-60213
6294,variation,2829,21011-GR-60222,21011-GR-60222
6295,variation,2829,21011-GR-60223,21011-GR-60223
6296,variation,2829,21011-DE-60110,21011-DE-60110
6297,variation,2829,21011-DE-60112,21011-DE-60112
6298,variation,2829,21011-DE-60122,21011-DE-60122
6299,variation,2829,21011-DE-60212,21011-DE-60212
6300,variation,2829,21011-DE-60213,21011-DE-60213
6301,variation,2829,21011-DE-60222,21011-DE-60222
6302,variation,2829,21011-DE-60223,21011-DE-60223
6303,variation,2829,21011-DK,21011-DK
6304,variation,2829,21011-FIN,21011-FIN
6305,variation,2829,21011-FR,21011-FR
6306,variation,2829,21011-FR-60110,21011-FR-60110
6307,variation,2829,21011-FR-60112,21011-FR-60112
6308,variation,2829,21011-FR-60122,21011-FR-60122
6309,variation,2829,21011-FR-60212,21011-FR-60212
6310,variation,2829,21011-FR-60213,21011-FR-60213
6311,variation,2829,21011-FR-60222,21011-FR-60222
6312,variation,2829,21011-FR-60223,21011-FR-60223
6313,variation,2829,21011-FRDEEN,21011-FRDEEN
6314,variation,2829,21011-GR,21011-GR
6315,variation,2829,21011-UK,21011-UK
6316,variation,2829,21011-UK-60110,21011-UK-60110
6317,variation,2829,21011-UK-60112,21011-UK-60112
6318,variation,2829,21011-UK-60122,21011-UK-60122
6319,variation,2829,21011-UK-60212,21011-UK-60212
6320,variation,2829,21011-UK-60213,21011-UK-60213
6321,variation,2829,21011-UK-60222,21011-UK-60222
6322,variation,2829,21011-UK-60223,21011-UK-60223
6323,variation,2829,21018-DE,21018-DE
6324,variation,2829,21018-DE-60110,21018-DE-60110
6325,variation,2829,21018-DE-60112,21018-DE-60112
6326,variation,2829,21018-DE-60122,21018-DE-60122
6327,variation,2829,21018-DE-60212,21018-DE-60212
6328,variation,2829,21018-DE-60213,21018-DE-60213
6329,variation,2829,21018-DE-60222,21018-DE-60222
6330,variation,2829,21018-DE-60223,21018-DE-60223
6331,variation,2829,21018-FR,21018-FR
6332,variation,2829,21018-FR-60110,21018-FR-60110
6333,variation,2829,21018-FR-60112,21018-FR-60112
6334,variation,2829,21018-FR-60122,21018-FR-60122
6335,variation,2829,21018-FR-60212,21018-FR-60212
6336,variation,2829,21018-FR-60213,21018-FR-60213
6337,variation,2829,21018-FR-60222,21018-FR-60222
6338,variation,2829,21018-FR-60223,21018-FR-60223
6339,variation,2829,21018-UK,21018-UK
6340,variation,2829,21018-UK-60110,21018-UK-60110
6341,variation,2829,21018-UK-60112,21018-UK-60112
6342,variation,2829,21018-UK-60122,21018-UK-60122
6343,variation,2829,21018-UK-60212,21018-UK-60212
6344,variation,2829,21018-UK-60213,21018-UK-60213
6345,variation,2829,21018-UK-60222,21018-UK-60222
6346,variation,2829,21018-UK-60223,21018-UK-60223
6347,variation,3677,PP-UFS-50,PP-UFS-50
6348,variation,3685,PP-UTPAD-1,PP-UTPAD-1
6350,variation,6349,21019-UK,21019-UK
6351,variation,6349,21012-DK-60110,21012-DK-60110
6352,variation,6349,21012-DK-60112,21012-DK-60112
6353,variation,6349,21012-DK-60122,21012-DK-60122
6354,variation,6349,21012-DK-60212,21012-DK-60212
6355,variation,6349,21012-DK-60213,21012-DK-60213
6356,variation,6349,21012-DK-60222,21012-DK-60222
6357,variation,6349,21012-DK-60223,21012-DK-60223
6358,variation,6349,21012-DE,21012-DE
6359,variation,6349,21012-DE-60110,21012-DE-60110
6360,variation,6349,21012-DE-60112,21012-DE-60112
6361,variation,6349,21012-DE-60122,21012-DE-60122
6362,variation,6349,21012-DE-60212,21012-DE-60212
6363,variation,6349,21012-DE-60213,21012-DE-60213
6364,variation,6349,21012-DE-60222,21012-DE-60222
6365,variation,6349,21012-DE-60223,21012-DE-60223
6366,variation,6349,21012-DK,21012-DK
6367,variation,6349,21012-FR,21012-FR
6368,variation,6349,21012-FR-60110,21012-FR-60110
6369,variation,6349,21012-FR-60112,21012-FR-60112
6370,variation,6349,21012-FR-60122,21012-FR-60122
6371,variation,6349,21012-FR-60212,21012-FR-60212
6372,variation,6349,21012-FR-60213,21012-FR-60213
6373,variation,6349,21012-FR-60222,21012-FR-60222
6374,variation,6349,21012-FR-60223,21012-FR-60223
6375,variation,6349,21012-UK,21012-UK
6376,variation,6349,21012-UK-60110,21012-UK-60110
6377,variation,6349,21012-UK-60112,21012-UK-60112
6378,variation,6349,21012-UK-60122,21012-UK-60122
6379,variation,6349,21012-UK-60212,21012-UK-60212
6380,variation,6349,21012-UK-60213,21012-UK-60213
6381,variation,6349,21012-UK-60222,21012-UK-60222
6382,variation,6349,21012-UK-60223,21012-UK-60223
6383,variation,6349,21019-DE,21019-DE
6384,variation,6349,21019-DE-60110,21019-DE-60110
6385,variation,6349,21019-DE-60112,21019-DE-60112
6386,variation,6349,21019-DE-60122,21019-DE-60122
6387,variation,6349,21019-DE-60212,21019-DE-60212
6388,variation,6349,21019-DE-60213,21019-DE-60213
6389,variation,6349,21019-DE-60222,21019-DE-60222
6390,variation,6349,21019-DE-60223,21019-DE-60223
6391,variation,6349,21019-FR,21019-FR
6392,variation,6349,21019-FR-60110,21019-FR-60110
6393,variation,6349,21019-FR-60112,21019-FR-60112
6394,variation,6349,21019-FR-60122,21019-FR-60122
6395,variation,6349,21019-FR-60212,21019-FR-60212
6396,variation,6349,21019-FR-60213,21019-FR-60213
6397,variation,6349,21019-FR-60222,21019-FR-60222
6398,variation,6349,21019-FR-60223,21019-FR-60223
6399,variation,6349,21019-UK-60110,21019-UK-60110
6400,variation,6349,21019-UK-60112,21019-UK-60112
6401,variation,6349,21019-UK-60122,21019-UK-60122
6402,variation,6349,21019-UK-60212,21019-UK-60212
6403,variation,6349,21019-UK-60213,21019-UK-60213
6404,variation,6349,21019-UK-60222,21019-UK-60222
6405,variation,6349,21019-UK-60223,21019-UK-60223
