wc_user_id;reden
14;Kevin 1 sept: niet toegekende klant, verwijderen bij migratie
16;Kevin 1 sept: niet toegekende klant, verwijderen bij migratie
19;Kevin 1 sept: niet toegekende klant, verwijderen bij migratie
21;Kevin 1 sept: niet toegekende klant, verwijderen bij migratie
22;Kevin 1 sept: niet toegekende klant, verwijderen bij migratie
33;Kevin 1 sept: niet toegekende klant, verwijderen bij migratie
34;Kevin 1 sept: niet toegekende klant, verwijderen bij migratie
37;Kevin 1 sept: niet toegekende klant, verwijderen bij migratie
39;Kevin 1 sept: niet toegekende klant, verwijderen bij migratie
40;Kevin 1 sept: niet toegekende klant, verwijderen bij migratie
41;Kevin 1 sept: niet toegekende klant, verwijderen bij migratie
46;Kevin 1 sept: niet toegekende klant, verwijderen bij migratie
47;Kevin 1 sept: niet toegekende klant, verwijderen bij migratie
50;Kevin 1 sept: niet toegekende klant, verwijderen bij migratie
57;Kevin 1 sept: niet toegekende klant, verwijderen bij migratie
60;Kevin 1 sept: niet toegekende klant, verwijderen bij migratie
63;Kevin 1 sept: niet toegekende klant, verwijderen bij migratie
72;Kevin 1 sept: niet toegekende klant, verwijderen bij migratie
76;Kevin 1 sept: niet toegekende klant, verwijderen bij migratie
78;Kevin 1 sept: niet toegekende klant, verwijderen bij migratie
82;Kevin 1 sept: niet toegekende klant, verwijderen bij migratie
83;Kevin 1 sept: niet toegekende klant, verwijderen bij migratie
92;Kevin 1 sept: niet toegekende klant, verwijderen bij migratie
99;Kevin 1 sept: niet toegekende klant, verwijderen bij migratie
100;Kevin 1 sept: niet toegekende klant, verwijderen bij migratie
121;Kevin 1 sept: niet toegekende klant, verwijderen bij migratie
124;Kevin 1 sept: niet toegekende klant, verwijderen bij migratie
127;Kevin 1 sept: niet toegekende klant, verwijderen bij migratie
128;Kevin 1 sept: niet toegekende klant, verwijderen bij migratie
134;Kevin 1 sept: niet toegekende klant, verwijderen bij migratie
135;Kevin 1 sept: niet toegekende klant, verwijderen bij migratie
137;Kevin 1 sept: niet toegekende klant, verwijderen bij migratie
138;Kevin 1 sept: niet toegekende klant, verwijderen bij migratie
139;Kevin 1 sept: niet toegekende klant, verwijderen bij migratie
140;Kevin 1 sept: niet toegekende klant, verwijderen bij migratie
141;Kevin 1 sept: niet toegekende klant, verwijderen bij migratie
143;Kevin 1 sept: niet toegekende klant, verwijderen bij migratie
144;Kevin 1 sept: niet toegekende klant, verwijderen bij migratie
149;Kevin 1 sept: niet toegekende klant, verwijderen bij migratie
150;Kevin 1 sept: niet toegekende klant, verwijderen bij migratie
152;Kevin 1 sept: niet toegekende klant, verwijderen bij migratie
154;Kevin 1 sept: niet toegekende klant, verwijderen bij migratie
156;Kevin 1 sept: niet toegekende klant, verwijderen bij migratie
157;Kevin 1 sept: niet toegekende klant, verwijderen bij migratie
158;Kevin 1 sept: niet toegekende klant, verwijderen bij migratie
159;Kevin 1 sept: niet toegekende klant, verwijderen bij migratie
165;Kevin 1 sept: niet toegekende klant, verwijderen bij migratie
169;Kevin 1 sept: niet toegekende klant, verwijderen bij migratie
170;Kevin 1 sept: niet toegekende klant, verwijderen bij migratie
171;Kevin 1 sept: niet toegekende klant, verwijderen bij migratie
172;Kevin 1 sept: niet toegekende klant, verwijderen bij migratie
175;Kevin 1 sept: niet toegekende klant, verwijderen bij migratie
177;Kevin 1 sept: niet toegekende klant, verwijderen bij migratie
178;Kevin 1 sept: niet toegekende klant, verwijderen bij migratie
179;Kevin 1 sept: niet toegekende klant, verwijderen bij migratie
180;Kevin 1 sept: niet toegekende klant, verwijderen bij migratie
181;Kevin 1 sept: niet toegekende klant, verwijderen bij migratie
182;Kevin 1 sept: niet toegekende klant, verwijderen bij migratie
189;Kevin 1 sept: niet toegekende klant, verwijderen bij migratie
191;Kevin 1 sept: niet toegekende klant, verwijderen bij migratie
196;Kevin 1 sept: niet toegekende klant, verwijderen bij migratie
201;Kevin 1 sept: niet toegekende klant, verwijderen bij migratie
204;Kevin 1 sept: niet toegekende klant, verwijderen bij migratie
209;Kevin 1 sept: niet toegekende klant, verwijderen bij migratie
213;Kevin 1 sept: niet toegekende klant, verwijderen bij migratie
